timestamp,machine_id,status,cycle_time_ms,output_count,defect_flag
2026-03-08 04:07:56,M02,Maintenance,1766,1,False
2026-05-31 01:06:37,M03,Running,2368,11,False
2026-05-21 04:58:45,M07,Running,1583,8,False
2026-05-05 15:33:39,M07,Running,2198,11,False
2025-10-27 20:23:32,M03,Running,1512,2,False
2026-05-14 14:41:40,M09,Running,1060,12,False
2025-12-09 18:56:06,M01,Running,1411,8,False
2026-01-12 16:24:22,M09,Running,1576,14,False
2026-04-28 14:06:17,M08,Running,1364,4,False
2026-04-20 02:49:52,M02,Running,2152,7,False
2026-01-02 18:03:35,M01,Running,937,2,False
2026-01-27 20:55:02,M08,Running,2240,14,True
2026-07-26 02:32:22,M01,Running,1279,9,False
2026-02-27 17:41:06,M01,Running,1392,4,False
2026-02-02 01:41:04,M10,Running,2024,13,False
2025-09-26 17:22:10,M06,Running,1093,11,False
2025-11-15 00:10:35,M07,Running,924,9,False
2025-11-05 23:51:34,M03,Running,1674,9,False
2025-09-04 14:17:35,M06,Idle,2174,7,False
2025-12-20 00:42:52,M06,Running,1636,3,False
2025-08-18 21:34:55,M03,Running,1769,4,False
2026-03-27 04:57:47,M05,Idle,1095,13,False
2026-03-13 20:27:05,M01,Running,1653,9,False
2025-11-08 02:21:12,M07,Running,1216,6,False
2026-03-27 06:11:16,M08,Idle,989,9,False
2025-11-04 06:06:12,M04,Running,1572,11,False
2025-08-13 12:33:07,M01,Idle,1185,13,False
2025-09-07 07:13:55,M09,Running,1227,14,False
2026-05-12 15:05:03,M05,Maintenance,831,4,False
2026-04-12 19:50:04,M02,Running,2344,8,False
2025-09-02 14:16:18,M10,Running,1612,15,False
2025-11-07 15:25:14,M06,Running,1579,8,False
2025-09-05 21:44:42,M06,Running,1536,9,False
2026-07-28 08:39:17,M08,Running,2279,8,False
2025-08-22 22:19:06,M06,Idle,1559,6,False
2026-07-10 13:54:40,M10,Idle,2318,3,True
2025-12-17 01:20:43,M09,Idle,1986,12,False
2025-09-07 05:58:01,M03,Running,1271,7,False
2026-02-26 09:48:39,M04,Running,2140,11,False
2025-11-11 03:53:33,M08,Maintenance,2114,12,False
2025-11-26 21:07:29,M03,Running,1521,3,False
2026-04-27 12:51:12,M09,Running,1910,11,False
2026-02-15 05:55:10,M09,Running,952,14,False
2025-11-01 22:21:37,M01,Running,2091,4,False
2026-03-08 03:33:11,M03,Running,1835,8,False
2025-10-01 02:45:51,M10,Running,2062,15,False
2026-05-18 15:39:47,M08,Running,1889,9,False
2026-08-09 01:09:11,M01,Running,1362,9,False
2026-07-19 09:56:05,M01,Running,2229,11,False
2026-03-20 12:02:09,M03,Running,997,9,False
2026-03-22 12:12:37,M04,Running,1316,14,False
2026-02-10 07:08:30,M07,Running,1631,8,False
2025-11-13 02:25:37,M04,Running,2495,14,False
2026-06-11 10:42:42,M01,Running,1576,7,False
2026-02-10 09:57:21,M01,Running,2239,3,False
2026-06-20 07:56:46,M07,Running,1478,10,False
2026-01-15 19:36:08,M02,Idle,887,4,False
2025-10-23 16:16:39,M10,Running,895,15,False
2025-09-16 08:42:31,M05,Idle,1954,11,True
2025-09-17 08:59:21,M06,Running,1224,10,False
2026-04-23 15:41:34,M07,Idle,1412,3,False
2026-01-25 03:13:00,M10,Idle,1596,11,False
2025-12-26 07:49:16,M06,Running,2314,3,False
2026-01-22 05:34:03,M02,Running,1508,1,False
2026-01-17 09:16:46,M04,Idle,1497,10,False
2026-02-08 02:30:50,M10,Running,2384,6,True
2026-07-12 05:04:14,M05,Running,1722,8,False
2026-05-20 21:00:29,M09,Idle,1684,3,False
2025-08-31 18:26:26,M07,Running,2066,5,False
2026-04-29 05:44:27,M02,Running,1115,7,False
2026-04-21 12:10:30,M03,Running,1448,6,False
2026-04-18 16:21:37,M01,Idle,1710,6,False
2025-09-17 22:50:58,M02,Running,1183,7,False
2025-09-03 06:28:46,M09,Running,1011,1,False
2026-01-14 02:13:51,M09,Running,2024,13,False
2026-05-20 12:58:16,M07,Running,1647,7,False
2025-12-20 12:03:29,M09,Idle,1297,10,False
2026-06-17 15:35:29,M07,Running,1350,5,False
2026-07-11 08:53:55,M03,Running,1690,5,False
2025-09-22 03:59:23,M08,Running,1539,5,False
2025-11-15 07:10:25,M08,Running,1200,8,False
2025-10-24 03:16:39,M05,Running,1610,6,False
2025-10-23 14:24:14,M07,Idle,1474,8,False
2026-03-07 00:04:26,M10,Running,1456,10,False
2026-01-31 22:54:35,M04,Running,1163,7,False
2025-10-04 04:07:20,M05,Running,2096,8,False
2026-01-21 13:45:01,M04,Running,1374,14,False
2025-10-20 23:45:39,M06,Running,1954,4,False
2025-11-26 21:45:27,M09,Running,2372,9,True
2026-02-06 09:32:05,M08,Idle,1229,8,False
2025-11-15 17:53:36,M02,Idle,2429,13,False
2026-07-16 08:19:42,M08,Running,1420,4,False
2026-08-04 06:59:15,M03,Running,2416,7,False
2025-09-09 00:10:00,M10,Running,1620,9,False
2026-01-29 19:48:23,M07,Running,2419,6,False
2026-06-20 12:50:30,M09,Running,974,2,False
2026-07-11 05:53:02,M06,Running,2054,1,False
2026-07-09 03:43:05,M07,Maintenance,1479,13,False
2026-03-12 10:55:56,M01,Running,1254,9,False
2025-09-17 18:06:14,M09,Running,1978,4,False
2025-08-30 09:02:45,M07,Running,2191,10,False
2026-04-20 23:57:34,M03,Running,850,8,False
2026-03-08 16:10:24,M07,Idle,975,2,False
2026-07-01 09:52:13,M03,Running,1502,8,False
2025-08-16 11:04:54,M09,Running,1775,2,False
2025-09-15 22:48:02,M08,Running,1414,1,False
2026-08-05 11:53:40,M02,Running,1502,11,False
2026-05-30 09:16:05,M03,Idle,2316,4,False
2026-07-06 07:56:46,M09,Running,1946,7,False
2025-11-10 12:44:42,M04,Running,2089,3,False
2025-10-14 07:39:37,M07,Running,2310,10,False
2026-01-15 13:34:55,M08,Running,1596,1,False
2026-02-15 08:01:55,M04,Running,2241,13,False
2026-02-13 16:06:51,M10,Running,1899,3,False
2025-11-01 17:47:52,M04,Running,1337,11,False
2026-07-12 12:39:15,M09,Maintenance,1441,10,False
2026-01-13 11:29:42,M07,Running,1512,6,False
2026-07-27 04:54:20,M10,Running,2179,12,False
2025-09-02 12:03:00,M10,Running,2176,3,False
2025-10-13 16:03:28,M04,Running,1174,6,False
2026-01-04 21:48:50,M09,Running,2021,3,False
2025-08-11 13:37:05,M07,Running,2101,9,False
2026-01-09 08:31:23,M03,Running,1802,5,False
2025-11-21 17:24:00,M06,Idle,2068,1,False
2026-08-05 13:18:10,M01,Running,1199,14,False
2026-06-11 05:35:46,M09,Running,1813,7,False
2026-06-11 15:27:52,M07,Running,1709,8,False
2026-02-03 10:30:50,M10,Running,2358,4,False
2025-11-29 12:14:38,M05,Running,1391,3,False
2026-01-22 00:14:38,M10,Running,2368,8,False
2026-05-08 06:13:55,M02,Running,1348,13,False
2026-05-21 10:19:53,M06,Running,2349,1,False
2026-06-10 22:59:14,M08,Running,1670,2,False
2026-03-14 13:39:53,M04,Running,866,8,False
2026-04-24 18:36:58,M02,Running,1040,13,False
2026-05-16 17:34:44,M04,Idle,2004,12,False
2026-02-15 17:38:05,M10,Running,1139,10,False
2025-10-09 20:20:22,M04,Idle,2449,1,False
2025-10-23 11:30:18,M09,Running,1903,3,False
2025-12-03 23:02:45,M05,Running,1347,14,False
2025-11-03 06:38:52,M02,Running,2336,13,False
2025-09-02 10:37:56,M01,Maintenance,2143,3,False
2026-03-23 15:52:48,M03,Running,2256,6,False
2026-05-23 11:05:46,M07,Running,1982,11,False
2026-03-09 07:09:15,M07,Running,954,11,False
2025-09-03 09:41:39,M02,Running,2335,5,False
2026-05-28 05:09:58,M06,Running,1799,6,False
2025-12-10 12:32:14,M02,Running,1738,11,False
2025-09-01 22:20:51,M06,Idle,2429,9,False
2025-08-30 04:53:20,M07,Idle,1813,5,False
2026-03-25 14:27:30,M05,Running,1983,3,False
2026-02-11 21:31:10,M08,Running,2197,13,True
2026-02-22 00:26:01,M02,Running,1741,1,False
2026-08-02 18:50:15,M03,Running,801,7,False
2026-07-07 21:27:14,M03,Idle,1418,3,False
2026-03-04 23:58:58,M05,Running,1538,5,False
2025-10-10 20:54:28,M03,Running,2081,5,False
2025-09-01 19:41:04,M04,Running,986,12,False
2026-02-23 22:49:59,M04,Running,1071,10,False
2025-09-10 20:13:17,M08,Running,2224,6,False
2026-07-07 08:36:58,M07,Running,1778,2,False
2025-10-21 21:32:34,M02,Running,1009,2,False
2025-09-06 08:11:37,M05,Running,2384,14,False
2026-03-29 19:39:28,M03,Running,2186,3,False
2025-09-06 02:58:11,M10,Running,2131,3,False
2026-04-29 22:57:56,M04,Running,1110,15,False
2026-07-11 10:15:56,M08,Idle,977,15,False
2025-11-10 01:47:16,M02,Running,1586,6,False
2026-01-14 12:59:22,M06,Running,1307,5,False
2025-09-26 06:57:10,M04,Running,2028,12,False
2026-07-22 11:36:28,M01,Idle,2148,15,False
2026-03-19 23:17:17,M09,Running,1186,12,False
2025-11-14 08:25:19,M01,Running,2425,4,False
2026-03-23 13:26:43,M02,Running,2106,10,False
2026-03-29 14:50:55,M01,Maintenance,1448,3,False
2025-08-26 03:56:51,M10,Running,1918,11,False
2026-04-08 06:34:57,M08,Maintenance,2377,2,True
2025-09-11 13:40:09,M02,Running,1241,1,False
2026-01-20 12:59:16,M07,Running,2087,12,False
2026-04-23 00:41:26,M07,Running,1623,2,False
2026-03-25 09:44:55,M09,Running,1368,2,False
2026-03-18 05:49:31,M09,Idle,2454,3,False
2026-03-01 18:13:00,M07,Running,2363,14,False
2025-12-11 14:18:33,M02,Running,1695,12,False
2026-08-08 17:37:20,M04,Running,976,15,False
2025-11-20 00:02:27,M08,Running,912,5,False
2025-10-29 01:21:44,M03,Running,2249,3,False
2026-04-27 19:49:37,M03,Running,1510,9,False
2026-05-15 20:55:12,M05,Running,1059,12,False
2025-12-10 17:56:04,M05,Running,1041,13,False
2025-11-11 10:14:34,M06,Idle,1357,9,False
2025-11-21 21:14:07,M10,Running,1816,8,False
2026-01-11 10:31:12,M01,Running,1960,3,False
2025-09-30 13:24:09,M05,Running,1975,11,False
2026-04-28 14:08:06,M04,Running,805,1,False
2026-04-18 10:01:55,M01,Running,1766,6,False
2025-12-05 05:42:14,M03,Running,872,9,False
2026-02-04 07:10:13,M07,Running,1308,7,False
2025-12-11 12:30:49,M06,Running,959,10,False
2026-08-06 12:36:25,M09,Running,907,3,False
2026-05-29 17:24:48,M09,Maintenance,1621,2,False
2026-08-09 03:12:15,M05,Running,1436,6,False
2025-09-07 21:40:46,M08,Running,1210,5,False
2025-08-14 08:21:17,M05,Running,1296,8,False
2026-02-04 17:03:33,M08,Maintenance,2389,4,False
2026-04-08 23:09:08,M09,Running,1302,3,True
2026-03-17 09:00:34,M07,Running,1909,6,False
2025-09-18 13:25:17,M01,Maintenance,802,13,False
2025-09-08 04:22:04,M05,Running,1885,4,False
2026-03-07 12:38:40,M01,Maintenance,1091,12,False
2025-11-01 12:16:14,M01,Idle,1864,7,False
2026-02-23 04:42:56,M06,Running,2331,2,False
2025-11-21 17:22:32,M09,Running,2479,7,False
2025-10-01 04:06:47,M10,Running,2156,3,False
2026-08-08 04:08:11,M05,Idle,2440,7,False
2025-12-24 06:31:36,M06,Running,1356,4,False
2026-07-18 19:46:40,M04,Running,2377,10,False
2025-09-06 10:42:36,M02,Running,1754,6,False
2026-07-18 04:55:16,M09,Running,2377,4,False
2025-11-13 14:25:27,M08,Running,1045,2,False
2026-01-01 05:46:14,M05,Idle,2227,10,True
2025-11-29 09:48:13,M06,Running,2256,4,False
2025-10-10 23:50:08,M07,Running,2186,5,False
2026-01-27 21:42:17,M03,Running,1628,14,False
2026-06-30 12:35:41,M09,Running,1746,2,False
2026-03-09 16:41:13,M03,Running,926,14,False
2026-05-10 22:59:45,M04,Running,2486,7,False
2025-12-06 05:11:33,M02,Running,1330,15,False
2026-04-05 06:46:42,M01,Maintenance,1204,15,False
2026-06-20 04:14:43,M03,Running,2498,13,False
2026-04-21 17:01:46,M01,Idle,903,3,False
2026-03-04 03:36:47,M07,Idle,1608,8,True
2025-08-13 18:26:42,M07,Running,1239,15,False
2026-04-27 02:27:53,M05,Running,1104,1,False
2026-06-24 01:29:28,M10,Running,1404,8,False
2026-03-14 02:47:47,M09,Running,979,5,False
2025-12-04 23:56:26,M07,Running,2432,9,False
2026-08-07 14:07:27,M09,Running,1583,13,False
2026-04-25 08:45:34,M08,Running,1792,6,False
2025-09-19 23:01:29,M09,Running,1353,3,True
2026-08-10 08:59:25,M10,Running,2460,13,False
2026-07-17 18:15:54,M08,Running,2370,10,False
2025-10-01 21:12:45,M03,Running,2145,4,False
2025-11-21 10:31:46,M01,Running,1249,10,False
2025-09-24 13:24:06,M07,Running,1155,3,False
2026-07-22 06:15:07,M06,Idle,2228,6,False
2025-09-21 07:10:34,M01,Running,1520,10,False
2026-05-26 01:21:13,M10,Idle,2459,15,False
2026-03-13 13:56:48,M09,Running,1804,1,False
2025-10-10 02:24:29,M04,Running,840,9,False
2025-11-24 11:59:52,M06,Idle,1212,13,False
2025-11-28 03:41:14,M03,Idle,1462,1,True
2026-04-02 14:57:04,M10,Running,1090,13,False
2025-10-31 12:44:21,M09,Idle,948,6,False
2026-05-16 10:09:32,M07,Running,1489,5,False
2025-12-21 21:24:16,M03,Running,1694,13,False
2025-10-28 19:11:35,M08,Running,1156,12,False
2026-05-04 17:27:58,M10,Running,1257,11,False
2026-04-14 01:03:17,M03,Running,2303,12,False
2026-07-07 23:15:08,M03,Running,2237,10,False
2025-11-21 06:02:12,M10,Running,2033,6,False
2026-02-23 00:16:56,M10,Running,1958,2,False
2026-02-16 10:58:31,M03,Running,959,4,False
2025-11-16 06:08:53,M06,Running,981,14,False
2026-07-28 07:52:34,M06,Running,1343,4,False
2026-07-29 10:11:03,M02,Running,2411,2,False
2026-07-05 07:47:12,M01,Running,2300,7,False
2025-08-30 11:00:31,M07,Running,1575,6,False
2025-09-15 13:48:45,M02,Idle,2415,14,False
2026-04-14 01:29:17,M04,Running,950,13,False
2026-01-22 05:32:27,M05,Running,1334,2,False
2026-06-28 19:36:47,M03,Idle,1129,12,False
2025-11-26 04:22:30,M02,Running,2056,15,False
2025-08-27 20:26:49,M01,Running,2138,3,False
2025-08-12 02:34:36,M07,Running,1007,6,False
2025-12-18 06:30:03,M04,Running,1934,12,False
2026-06-06 04:52:50,M09,Running,1376,5,False
2025-09-30 12:51:22,M01,Running,1925,14,False
2026-04-15 03:51:20,M01,Running,1675,2,False
2025-11-20 11:07:43,M10,Running,998,1,False
2025-10-12 11:34:54,M05,Maintenance,1769,14,False
2026-05-25 14:18:05,M07,Running,2153,5,False
2026-01-29 07:44:02,M09,Running,1559,15,False
2026-03-12 23:33:46,M03,Running,1339,8,False
2026-05-11 18:49:33,M04,Idle,1955,1,False
2026-01-23 19:51:34,M02,Running,1504,13,False
2026-03-16 13:33:34,M10,Running,924,14,False
2025-08-14 11:39:24,M09,Running,1896,11,False
2025-09-23 04:16:07,M08,Running,1282,8,False
2025-09-08 22:51:07,M07,Idle,2262,1,False
2026-07-19 16:40:36,M09,Idle,2187,10,False
2026-05-06 02:17:53,M08,Running,1142,4,False
2026-07-27 18:45:12,M03,Running,960,11,False
2025-10-07 14:48:54,M03,Idle,1328,6,False
2026-03-10 14:47:55,M02,Running,1939,7,False
2025-08-24 17:20:06,M05,Running,825,13,False
2026-06-30 20:31:04,M10,Running,1659,2,False
2026-01-01 02:52:15,M03,Running,1993,13,False
2026-03-24 22:54:40,M02,Idle,1952,13,False
2026-03-13 07:26:08,M05,Idle,1504,15,False
2025-10-07 05:51:45,M07,Running,1971,10,False
2026-01-24 15:25:52,M03,Running,1094,10,False
2025-09-29 05:24:25,M07,Running,1478,12,False
2025-08-26 23:24:06,M08,Idle,1562,1,False
2025-12-08 10:42:16,M05,Running,1806,14,False
2025-12-30 08:19:37,M02,Maintenance,1266,3,False
2026-07-25 20:38:36,M08,Running,1457,5,False
2026-08-08 02:32:21,M10,Running,1184,8,False
2026-06-15 21:55:34,M07,Running,2355,9,False
2026-07-10 23:51:29,M01,Running,1125,2,False
2025-08-26 05:22:32,M09,Running,2398,14,False
2026-07-25 20:06:48,M10,Running,1194,15,False
2025-12-27 16:33:08,M01,Running,1734,1,False
2025-10-31 07:35:01,M04,Running,2486,8,False
2026-05-02 14:51:03,M02,Running,1295,6,False
2025-11-15 15:18:51,M08,Running,1771,10,False
2026-04-26 17:47:54,M06,Running,1329,12,False
2025-09-19 15:38:04,M02,Running,1591,1,False
2025-12-26 02:03:08,M10,Running,1238,14,False
2026-06-09 16:44:20,M04,Running,1351,11,False
2026-03-16 04:01:16,M01,Idle,2371,11,True
2026-07-20 02:15:40,M03,Running,2031,13,True
2026-07-16 10:26:31,M05,Running,1425,12,False
2026-01-15 13:14:25,M05,Running,1571,14,False
2026-04-08 18:30:47,M05,Running,1418,11,False
2026-05-28 19:09:58,M10,Running,1009,1,False
2025-10-09 18:04:12,M06,Running,2016,10,False
2026-08-05 06:16:22,M02,Running,1488,5,False
2026-08-06 20:38:52,M05,Running,2256,15,False
2025-11-10 16:04:49,M04,Running,2367,4,False
2026-07-12 12:14:16,M10,Running,1454,11,False
2025-10-12 20:09:17,M01,Running,1405,5,False
2026-06-17 09:00:57,M07,Running,872,10,False
2026-06-21 14:28:07,M10,Idle,1502,12,False
2025-10-18 11:46:34,M09,Running,1774,15,False
2026-07-19 00:55:23,M06,Running,1148,14,False
2026-01-17 20:23:27,M09,Running,999,8,False
2025-08-20 08:33:15,M05,Running,1944,13,False
2025-10-19 09:17:28,M06,Running,1255,6,False
2026-05-23 18:48:25,M05,Running,1478,6,False
2026-08-04 18:22:29,M05,Running,1041,8,False
2025-12-17 17:43:17,M10,Running,2071,2,False
2026-06-10 13:53:57,M04,Running,2194,7,False
2026-08-07 05:21:41,M07,Running,1108,3,False
2026-01-17 14:58:24,M06,Running,1966,15,False
2026-06-18 06:54:07,M08,Running,2265,3,False
2026-04-27 21:30:56,M08,Running,1162,6,False
2026-07-12 07:11:20,M01,Running,1228,13,False
2026-05-23 04:45:41,M10,Running,1802,13,False
2026-06-21 14:15:35,M02,Running,1688,11,False
2025-11-15 02:36:53,M07,Maintenance,1585,1,True
2025-11-22 08:20:17,M04,Running,828,15,False
2025-10-11 13:21:36,M09,Running,2185,1,False
2026-06-12 12:23:27,M04,Running,1505,5,False
2026-05-10 01:54:54,M07,Running,1426,3,False
2025-09-21 17:03:10,M01,Running,1395,8,False
2026-01-06 07:04:33,M10,Running,1688,15,False
2026-07-15 10:42:44,M03,Running,1803,6,False
2025-08-25 18:28:05,M03,Idle,2462,7,True
2026-07-10 04:11:51,M04,Running,1068,4,False
2026-02-09 12:40:39,M10,Running,1052,6,False
2025-11-05 02:45:40,M01,Running,2111,5,False
2025-10-27 05:40:55,M10,Running,898,11,False
2026-06-23 20:40:02,M01,Running,1037,7,False
2026-08-02 10:07:14,M02,Running,1771,12,False
2026-02-05 11:51:56,M01,Running,2155,2,False
2025-12-24 12:34:52,M05,Running,2235,3,False
2025-12-07 06:06:49,M02,Running,2065,2,False
2026-06-25 09:28:55,M02,Running,2047,4,False
2026-06-15 14:41:09,M09,Maintenance,1533,12,False
2026-07-15 02:50:52,M03,Running,1816,15,False
2025-11-07 02:52:20,M08,Running,805,1,False
2025-11-05 07:19:36,M02,Idle,2170,8,False
2025-08-19 22:05:49,M02,Running,953,12,False
2026-04-24 01:29:01,M05,Running,1735,5,False
2025-10-24 17:37:43,M01,Running,1157,14,True
2026-01-12 11:30:02,M05,Running,2186,6,False
2025-12-16 05:09:06,M02,Running,2352,15,True
2025-11-26 22:17:50,M03,Running,1149,6,False
2026-07-12 09:52:55,M08,Maintenance,1349,15,False
2025-09-06 16:34:36,M06,Idle,1174,2,False
2026-06-07 01:27:19,M08,Running,1589,12,False
2025-11-27 03:09:43,M07,Running,2432,3,False
2025-12-25 02:26:51,M01,Maintenance,1126,2,False
2026-04-16 20:34:18,M10,Running,1965,11,False
2026-02-24 13:32:01,M10,Running,1534,10,True
2026-01-12 22:48:04,M03,Running,1799,2,False
2026-05-01 15:05:47,M08,Running,1335,11,False
2026-07-04 09:01:14,M09,Running,1980,12,False
2026-03-06 23:25:17,M06,Running,2209,12,False
2025-12-17 08:04:08,M07,Running,1309,8,False
2026-08-10 11:51:11,M07,Running,2492,9,False
2025-08-21 10:47:03,M10,Running,2117,15,False
2025-09-24 12:35:29,M08,Idle,1138,2,False
2026-07-17 08:07:08,M06,Running,1369,1,False
2025-11-20 04:13:50,M09,Running,1625,14,False
2025-10-19 01:54:04,M08,Running,1973,8,False
2026-03-24 05:01:01,M08,Running,1043,8,False
2025-11-21 19:51:16,M01,Running,1644,1,False
2025-08-25 14:06:41,M01,Idle,2421,10,False
2025-09-21 19:54:48,M05,Idle,1951,4,False
2026-03-30 09:58:32,M08,Maintenance,1544,14,False
2026-01-26 11:57:23,M04,Idle,1479,9,False
2025-12-22 23:33:57,M10,Running,2145,6,False
2026-05-20 16:03:38,M02,Running,2149,4,True
2026-06-12 03:34:13,M06,Idle,2438,5,False
2025-12-10 13:12:47,M06,Running,893,15,False
2026-01-27 05:00:51,M03,Idle,2320,12,False
2026-04-03 03:48:16,M05,Running,1184,2,False
2026-02-25 08:20:13,M07,Running,2488,13,False
2025-09-24 15:25:31,M06,Running,1648,1,False
2026-01-07 07:48:36,M10,Running,1722,8,False
2026-07-26 01:31:13,M09,Running,1821,1,False
2026-03-22 15:43:07,M01,Running,1686,14,False
2025-10-23 13:11:28,M09,Running,1162,12,False
2025-11-17 15:42:52,M03,Running,2146,10,False
2025-08-27 23:14:27,M06,Running,1587,7,False
2026-05-12 23:53:10,M04,Running,1502,5,False
2026-01-27 01:52:45,M03,Running,2033,12,False
2025-08-11 09:17:32,M09,Running,2236,9,False
2026-02-28 15:32:14,M09,Running,1211,4,False
2026-08-05 04:30:51,M05,Running,2177,3,False
2026-06-19 22:45:17,M03,Running,2221,11,False
2026-03-07 20:15:53,M02,Running,1951,8,False
2026-05-04 11:30:04,M07,Running,1893,5,False
2026-05-17 03:06:07,M07,Idle,1870,2,True
2026-08-10 21:24:57,M03,Running,915,4,False
2026-05-25 21:00:16,M03,Maintenance,2199,5,False
2026-05-23 23:13:04,M01,Running,1404,4,False
2026-04-28 04:14:21,M01,Running,1726,2,False
2025-10-26 06:01:44,M09,Idle,2320,11,False
2025-12-30 04:19:07,M04,Running,2431,13,False
2026-01-25 05:30:42,M01,Idle,1593,7,False
2025-09-06 21:43:54,M06,Maintenance,910,1,False
2026-04-25 16:40:21,M04,Running,2399,14,False
2026-08-03 07:44:06,M04,Idle,2243,12,False
2025-12-16 23:12:57,M10,Running,2035,4,False
2026-04-09 17:45:28,M04,Running,1163,11,False
2025-12-10 15:26:04,M03,Running,1044,7,True
2026-04-25 08:44:52,M05,Running,1066,3,False
2026-07-06 01:36:14,M05,Running,1755,12,False
2025-09-28 03:07:14,M01,Running,1460,10,False
2026-05-17 06:07:28,M10,Idle,1416,8,False
2026-07-26 06:34:23,M09,Running,2405,12,False
2025-12-05 08:44:06,M04,Maintenance,1866,2,False
2026-02-23 16:15:10,M03,Running,1899,7,False
2025-12-08 20:16:14,M04,Idle,2158,6,False
2026-04-26 17:25:15,M05,Running,2341,10,False
2026-01-16 08:01:35,M09,Idle,2129,1,False
2025-12-15 09:46:25,M06,Running,2115,10,False
2026-01-14 00:10:19,M04,Maintenance,2197,15,False
2026-05-08 11:58:55,M02,Running,1906,12,False
2025-12-03 13:14:05,M09,Idle,1567,9,False
2026-03-14 01:01:38,M08,Running,1407,15,False
2025-09-29 03:56:12,M06,Running,996,3,False
2025-10-24 05:36:28,M09,Running,2083,2,False
2026-01-21 00:22:20,M04,Idle,1668,14,False
2026-04-25 23:07:12,M09,Idle,2318,13,False
2026-08-10 22:21:11,M02,Running,1114,1,False
2026-01-04 23:25:07,M06,Running,950,1,False
2026-04-30 18:35:21,M05,Running,1977,14,False
2026-05-28 06:38:53,M05,Running,1723,11,False
2026-07-27 08:17:10,M06,Running,2178,2,False
2025-10-17 07:34:51,M10,Running,2327,10,True
2026-04-06 18:32:36,M02,Running,1829,2,False
2026-03-19 17:58:26,M05,Running,1376,13,False
2025-12-05 14:35:05,M07,Running,2153,1,False
2026-01-15 10:25:24,M09,Running,2329,7,False
2026-03-11 12:40:24,M09,Running,2098,3,False
2026-06-30 12:24:37,M06,Maintenance,822,9,False
2025-08-10 21:18:44,M03,Running,810,10,False
2025-12-06 17:50:54,M09,Running,974,5,False
2025-11-30 03:45:29,M06,Running,2122,14,False
2025-10-31 08:34:23,M03,Running,2063,14,False
2026-01-24 16:22:35,M02,Running,2437,10,False
2026-06-11 21:19:54,M09,Running,1925,2,False
2026-03-23 23:22:42,M02,Running,1204,12,False
2026-04-03 08:01:27,M06,Running,2174,11,False
2026-04-21 23:49:38,M05,Running,1196,6,False
2025-12-13 21:06:32,M06,Running,1426,12,False
2026-02-07 07:31:57,M10,Running,2454,6,False
2026-01-29 07:16:21,M03,Running,1304,13,False
2026-01-29 10:45:23,M07,Running,1536,3,False
2026-04-30 02:49:51,M06,Idle,1747,8,False
2025-11-01 17:22:12,M05,Running,1022,3,False
2026-02-25 06:00:56,M02,Idle,2492,3,False
2026-02-10 11:56:36,M04,Running,2083,2,False
2026-06-14 23:40:43,M01,Idle,2093,1,False
2026-07-26 17:08:33,M10,Running,2008,4,False
2026-06-15 21:01:01,M09,Running,1905,8,False
2026-05-23 13:11:11,M03,Running,1257,15,False
2025-10-15 15:10:01,M05,Running,1826,9,False
2026-04-23 14:27:45,M06,Running,2157,4,False
2025-09-12 15:52:49,M10,Running,2350,9,False
2025-11-28 22:36:34,M03,Running,1958,11,False
2026-02-26 21:53:22,M03,Running,1790,6,True
2026-04-25 13:05:41,M08,Running,1341,6,False
2026-04-13 12:57:53,M04,Running,2420,6,False
2026-04-08 05:27:27,M08,Idle,881,11,False
2025-12-18 21:42:34,M09,Running,1360,14,False
2025-09-15 23:57:37,M10,Running,1156,7,False
2026-06-24 13:47:17,M06,Running,959,9,False
2026-05-29 10:38:36,M04,Running,1522,14,False
2025-11-09 22:39:45,M08,Running,2037,1,False
2026-04-29 00:26:19,M03,Running,1271,2,False
2025-12-09 06:50:51,M05,Running,1182,3,False
2025-11-05 23:19:52,M02,Running,1649,13,False
2026-06-19 23:14:22,M02,Running,1780,8,False
2025-10-27 01:33:14,M03,Running,1641,1,False
2025-10-06 22:58:01,M03,Running,1129,3,False
2025-08-20 05:11:23,M01,Idle,1100,1,False
2025-08-28 16:16:18,M03,Running,1630,10,False
2025-11-13 19:37:35,M01,Idle,2290,11,False
2026-02-11 06:07:13,M02,Running,2042,8,False
2026-04-05 03:00:53,M03,Running,1641,10,False
2026-07-06 17:39:28,M10,Idle,1172,10,False
2026-06-05 04:22:06,M05,Running,2204,6,False
2025-09-08 00:20:12,M10,Running,1270,7,False
2026-02-03 14:18:53,M02,Running,1870,14,False
2026-01-18 16:23:55,M07,Idle,2040,2,False
2026-07-20 20:55:23,M10,Running,2405,9,False
2026-04-12 07:22:02,M02,Running,2150,3,False
2026-03-22 07:10:13,M09,Idle,2386,11,False
2025-10-25 05:47:46,M09,Running,888,12,False
2026-05-16 16:59:52,M04,Idle,1787,13,False
2026-05-08 04:01:14,M06,Running,2318,15,False
2026-01-06 20:28:02,M10,Running,1074,5,False
2026-02-18 17:27:28,M04,Idle,971,5,False
2026-01-12 22:33:47,M09,Running,1187,1,False
2025-11-13 11:37:42,M01,Running,1041,9,True
2025-10-07 00:59:35,M04,Running,1446,7,False
2026-04-22 12:25:56,M03,Running,1998,5,False
2026-05-04 18:38:02,M09,Running,1548,10,False
2025-08-12 21:12:36,M07,Running,1646,9,False
2026-07-23 09:43:16,M08,Running,1945,9,False
2026-05-29 09:01:29,M05,Running,2385,12,False
2026-07-10 21:24:57,M03,Idle,2150,2,False
2026-06-05 18:52:45,M08,Running,1131,2,False
2026-07-20 14:39:45,M07,Running,2440,9,False
2025-09-21 02:59:39,M01,Running,2102,1,False
2026-06-09 00:55:57,M03,Running,2029,7,False
2026-01-22 20:10:42,M05,Running,963,10,True
2025-11-03 17:16:33,M07,Idle,1620,10,False
2025-10-18 00:54:40,M05,Running,2023,1,False
2026-06-19 00:22:32,M03,Running,1699,1,False
2026-05-07 23:53:47,M09,Running,868,13,False
2026-02-27 21:14:41,M09,Running,2059,3,False
2026-02-07 03:26:50,M06,Running,800,3,False
2025-08-30 05:35:52,M05,Running,1523,11,False
2026-03-15 04:55:37,M10,Running,831,12,False
2025-11-15 12:13:29,M02,Running,2287,14,False
2026-08-02 00:58:08,M10,Running,2470,5,False
2026-07-06 04:35:47,M04,Running,1627,10,True
2025-09-26 20:40:21,M03,Running,1018,9,False
2026-02-04 00:03:40,M05,Running,1039,13,False
2025-10-01 12:20:20,M05,Idle,2465,13,False
2026-06-17 23:16:21,M08,Maintenance,1953,8,False
2026-02-07 04:19:02,M06,Maintenance,1739,11,False
2026-04-26 23:48:14,M10,Idle,1787,2,False
2026-03-05 00:02:11,M07,Running,1251,11,False
2026-03-15 19:05:23,M06,Running,1523,9,False
2026-03-29 23:32:47,M05,Running,990,7,False
2025-12-11 22:57:35,M06,Running,1165,8,False
2026-05-31 00:58:08,M04,Idle,1351,3,False
2026-07-22 22:13:13,M04,Running,1208,4,False
2026-01-29 14:36:42,M05,Running,1215,14,False
2026-04-05 15:51:43,M10,Running,2395,2,False
2026-06-23 05:56:23,M02,Running,2158,8,False
2026-05-17 01:38:52,M09,Maintenance,1787,6,False
2026-07-23 03:45:37,M08,Idle,1976,14,False
2026-02-22 18:24:07,M03,Maintenance,1846,5,False
2026-01-23 11:02:26,M10,Running,1876,13,False
2026-06-29 06:59:39,M09,Running,1511,7,False
2026-07-28 22:01:38,M03,Running,1046,12,False
2026-03-11 12:03:55,M06,Running,824,11,False
2026-01-30 21:44:40,M10,Running,1540,10,False
2026-07-25 04:06:51,M03,Running,1285,5,False
2025-10-11 12:59:16,M10,Running,1176,8,False
2026-05-26 12:53:58,M07,Running,1562,6,False
2026-07-11 07:14:35,M05,Running,1970,3,False
2026-02-11 01:48:54,M04,Idle,2276,5,False
2026-02-01 12:28:58,M09,Running,1580,4,False
2025-11-19 09:22:08,M03,Running,819,3,False
2026-05-29 16:35:46,M03,Maintenance,2091,9,False
2025-11-14 17:58:11,M06,Running,1414,5,False
2026-07-02 21:37:05,M10,Running,1002,12,False
2026-04-15 08:57:50,M04,Idle,1775,14,False
2025-11-26 10:15:27,M08,Running,1332,6,False
2026-06-04 03:25:46,M09,Idle,1327,6,True
2026-06-08 17:59:00,M02,Running,2191,10,False
2026-03-01 04:23:42,M10,Running,1902,3,False
2026-02-14 22:18:00,M05,Running,2178,9,False
2026-04-11 03:14:50,M08,Idle,1580,10,False
2025-11-11 15:27:42,M03,Idle,2111,13,False
2025-11-25 08:57:44,M07,Running,1970,7,False
2026-01-28 13:26:18,M02,Running,1503,4,False
2025-09-09 19:43:32,M05,Running,2039,11,False
2026-05-14 20:14:55,M08,Running,1543,12,False
2025-11-29 16:42:28,M08,Running,1176,14,True
2025-11-09 19:10:01,M04,Running,2323,12,False
2025-11-24 06:05:49,M04,Running,1010,2,False
2025-12-19 03:51:16,M08,Running,853,13,False
2025-12-12 21:26:15,M02,Running,2065,3,False
2026-07-23 13:08:31,M07,Running,1306,12,False
2026-03-08 12:06:44,M03,Running,1149,1,True
2025-09-11 00:34:00,M06,Idle,1466,14,False
2025-10-03 11:16:06,M09,Idle,1923,8,False
2025-10-08 07:22:20,M09,Running,2023,8,False
2025-11-08 13:02:30,M10,Running,2110,11,False
2026-01-06 11:40:34,M06,Running,1265,13,False
2026-05-07 05:36:34,M05,Running,1332,3,False
2025-10-09 01:46:36,M01,Running,2352,14,False
2026-05-12 01:49:56,M05,Running,817,12,False
2025-11-01 19:42:50,M08,Running,2368,7,False
2025-09-04 16:11:05,M10,Running,814,9,False
2026-01-18 20:22:39,M07,Idle,1695,7,False
2026-01-16 00:37:48,M07,Idle,1251,5,False
2025-12-17 05:34:00,M04,Running,2438,15,False
2026-03-09 11:01:51,M05,Running,2321,9,False
2026-02-07 16:15:28,M07,Running,940,3,False
2026-01-19 04:49:31,M02,Running,2065,8,False
2025-09-03 21:53:13,M10,Running,1456,1,False
2025-10-30 01:21:53,M09,Running,1009,5,False
2026-06-30 04:38:13,M08,Running,1276,2,False
2026-01-20 21:33:00,M08,Running,1660,5,False
2026-01-08 23:42:56,M08,Maintenance,1749,12,False
2026-07-28 03:14:04,M06,Running,2337,3,False
2026-06-05 16:32:42,M07,Running,1762,3,False
2026-03-25 13:32:35,M05,Idle,2496,1,False
2026-05-07 20:16:21,M04,Running,1707,4,False
2025-08-18 07:34:46,M01,Running,2305,13,False
2026-07-09 10:50:59,M04,Running,2195,5,False
2026-07-18 17:50:37,M03,Running,886,12,False
2026-06-04 01:23:14,M09,Running,1785,11,False
2026-03-22 07:21:05,M06,Idle,2165,4,False
2026-01-05 10:56:12,M04,Running,1464,1,False
2026-02-11 23:18:07,M05,Running,1610,13,False
2025-08-13 00:29:02,M01,Running,2214,8,False
2025-12-25 08:09:29,M03,Running,983,4,False
2025-12-04 16:48:00,M02,Running,1493,15,False
2026-05-30 08:25:32,M01,Running,2120,3,False
2026-01-09 04:28:03,M02,Running,1276,6,False
2026-07-08 04:14:24,M06,Idle,1698,12,False
2026-07-23 00:13:48,M07,Running,1075,5,False
2026-07-01 07:05:03,M08,Running,1944,5,False
2026-01-20 11:05:24,M08,Running,1182,9,False
2026-03-07 18:06:28,M08,Running,2026,15,False
2026-05-28 00:52:46,M03,Running,1117,8,False
2026-05-23 00:48:51,M05,Running,1729,1,False
2026-03-10 19:51:02,M09,Running,1179,15,True
2026-06-17 08:50:25,M06,Running,1289,6,False
2026-04-02 00:15:00,M09,Idle,1188,9,False
2026-07-25 09:44:12,M09,Running,1379,6,False
2025-11-04 09:05:53,M06,Running,1871,11,False
2026-02-16 08:09:25,M03,Running,864,4,False
2025-11-03 22:41:11,M04,Running,1969,11,False
2025-11-24 17:28:12,M08,Running,2236,10,False
2026-01-26 23:48:51,M06,Running,2270,2,True
2026-02-15 08:02:24,M04,Running,963,8,False
2025-08-22 00:03:34,M01,Running,2322,15,False
2026-01-08 17:56:25,M06,Running,919,14,False
2025-12-19 06:28:58,M09,Running,944,14,False
2026-04-27 11:52:57,M04,Maintenance,998,2,False
2026-05-01 11:35:23,M09,Running,1195,9,False
2026-06-16 16:45:15,M10,Running,1166,9,False
2026-01-14 18:01:59,M07,Running,2369,11,False
2026-05-18 23:23:17,M08,Running,1674,15,False
2025-10-13 19:51:25,M03,Running,1833,6,False
2026-07-03 03:36:33,M09,Maintenance,1707,15,False
2026-02-08 05:55:13,M06,Running,1464,14,False
2026-08-02 20:16:39,M07,Idle,1462,10,False
2025-09-29 07:06:21,M09,Running,2368,9,False
2026-04-09 09:23:01,M05,Running,1726,8,False
2026-03-06 03:55:18,M01,Running,1382,10,True
2025-08-21 04:52:26,M03,Maintenance,1418,1,False
2026-07-28 22:43:05,M04,Running,1444,1,False
2026-01-10 18:03:48,M05,Idle,1847,9,False
2026-03-28 14:22:08,M10,Running,877,8,False
2026-03-17 22:02:35,M03,Running,1992,4,False
2026-04-25 05:08:03,M05,Running,1618,10,False
2025-08-21 06:08:16,M02,Running,2423,8,False
2025-09-12 07:58:32,M10,Idle,995,10,False
2026-04-17 08:23:22,M01,Running,1980,7,False
2026-01-24 04:29:21,M01,Idle,1484,6,False
2025-10-02 10:20:22,M07,Running,1046,14,False
2026-07-13 09:10:07,M10,Idle,2098,13,False
2026-02-06 00:52:12,M01,Running,884,6,False
2025-10-20 07:21:57,M03,Running,2229,4,False
2025-08-30 06:12:55,M07,Maintenance,2341,10,False
2025-11-19 18:21:40,M02,Running,1393,13,False
2026-01-04 23:01:57,M03,Running,1774,10,False
2025-12-15 20:40:35,M09,Running,974,7,False
2025-10-31 22:20:43,M03,Running,1784,9,False
2026-02-03 07:38:00,M07,Running,1201,9,False
2025-12-15 15:57:08,M09,Running,946,5,False
2025-12-19 19:15:42,M06,Running,1979,2,False
2026-06-02 08:42:13,M07,Running,1513,4,False
2026-07-18 08:22:03,M10,Running,2376,5,False
2026-01-04 23:14:27,M06,Running,2444,8,False
2025-11-26 19:04:05,M08,Running,2475,4,False
2026-05-29 18:46:05,M06,Running,2291,14,False
2026-06-29 19:37:29,M01,Running,2071,15,False
2026-01-21 10:47:51,M05,Running,2220,13,False
2025-11-16 16:52:10,M08,Running,1479,4,False
2026-06-30 23:27:44,M04,Running,1871,13,False
2025-09-11 12:57:00,M08,Running,1089,12,False
2026-02-09 09:06:21,M01,Running,2158,9,True
2025-08-18 06:11:38,M03,Running,1211,13,False
2026-05-28 14:56:26,M05,Running,2140,1,False
2026-03-08 05:16:42,M05,Running,2151,6,False
2025-08-30 23:00:05,M01,Running,2129,7,False
2025-12-24 15:23:43,M07,Running,2253,2,False
2025-11-05 19:25:50,M08,Idle,1888,2,False
2026-04-20 05:18:38,M09,Maintenance,1948,15,False
2025-09-06 09:05:53,M01,Running,1884,5,False
2026-06-10 03:08:54,M07,Running,837,6,False
2026-04-20 20:19:20,M06,Running,1283,9,False
2025-08-26 08:45:41,M01,Running,1592,15,False
2026-05-30 15:29:29,M01,Idle,1373,4,False
2025-08-22 18:44:56,M07,Running,979,12,False
2025-11-14 18:22:33,M10,Idle,2205,4,False
2025-10-27 03:42:17,M10,Running,1439,15,False
2026-07-02 15:42:30,M08,Running,1223,11,False
2025-08-18 15:29:02,M09,Running,1214,14,False
2026-04-09 00:47:48,M09,Idle,1680,15,False
2025-10-08 21:50:06,M03,Running,1956,15,False
2025-11-11 08:55:43,M02,Running,2273,2,False
2025-09-28 17:59:36,M03,Running,2367,6,False
2026-02-10 15:26:15,M07,Maintenance,1421,8,False
2026-04-27 17:20:14,M05,Running,1184,2,False
2025-09-24 03:42:55,M01,Running,2053,10,False
2026-03-17 18:06:21,M10,Running,2021,4,False
2025-11-03 09:06:19,M01,Running,2209,13,False
2026-02-07 07:57:34,M09,Idle,1760,12,False
2026-05-09 09:00:52,M03,Idle,1806,8,False
2025-11-18 05:53:34,M04,Running,1636,13,False
2026-06-04 13:32:13,M05,Maintenance,1255,12,False
2025-12-31 23:52:51,M04,Running,935,3,False
2025-10-14 21:26:12,M08,Idle,1803,12,False
2026-04-03 00:51:28,M08,Idle,1675,7,False
2026-04-03 13:29:07,M10,Running,1579,12,False
2026-05-28 04:42:03,M10,Idle,1971,10,False
2026-05-16 17:06:11,M01,Running,1724,8,False
2025-09-24 05:03:08,M01,Idle,1303,9,False
2026-06-08 19:04:27,M01,Running,1857,13,False
2026-06-24 21:58:08,M01,Running,1700,7,False
2025-10-13 07:56:11,M05,Running,1665,5,False
2025-12-09 12:37:17,M01,Running,1091,8,False
2025-09-21 17:04:55,M08,Running,1825,2,False
2026-03-23 11:15:40,M10,Idle,2225,9,False
2025-08-20 16:52:07,M07,Running,851,3,False
2026-08-06 11:23:04,M04,Idle,984,5,False
2025-12-09 21:10:51,M03,Running,1053,2,False
2026-03-22 08:20:35,M08,Running,974,9,False
2026-04-30 18:51:46,M09,Running,1127,7,False
2026-07-29 08:56:44,M01,Running,1486,10,False
2026-01-03 11:38:34,M03,Running,1096,3,False
2026-01-11 18:36:57,M01,Running,1433,12,False
2026-05-15 09:56:55,M08,Running,1170,2,False
2025-10-26 18:05:46,M04,Running,2367,5,True
2025-09-09 05:52:01,M08,Idle,1913,13,True
2026-03-28 16:16:50,M08,Running,2005,11,False
2026-05-05 22:31:17,M07,Running,2031,10,True
2026-06-29 07:01:02,M09,Running,2087,9,False
2026-04-11 07:51:05,M04,Running,1103,1,False
2025-11-13 01:02:56,M01,Running,866,11,False
2025-09-19 07:19:03,M10,Running,979,1,False
2026-05-08 11:50:18,M03,Running,1382,10,False
2026-06-06 17:34:20,M10,Running,1951,3,False
2025-12-05 20:28:58,M10,Running,873,2,False
2026-07-06 22:50:09,M06,Running,1576,14,False
2026-05-03 11:17:06,M07,Idle,932,5,False
2026-03-31 21:46:13,M02,Running,1362,6,False
2026-06-19 13:35:36,M09,Running,1228,10,False
2025-09-26 17:50:36,M10,Running,2088,9,False
2026-06-15 22:54:14,M08,Running,2038,15,False
2026-03-18 12:24:08,M05,Running,1448,5,False
2026-06-10 16:13:07,M10,Running,1065,10,False
2025-08-26 16:19:14,M09,Running,1819,8,False
2025-12-23 13:42:08,M10,Running,1394,4,True
2026-03-05 15:04:27,M01,Running,2431,2,False
2026-01-24 02:18:03,M04,Running,1649,7,True
2026-04-24 15:21:15,M06,Running,2105,4,True
2026-01-01 15:29:58,M04,Running,1321,13,False
2025-09-06 12:15:07,M05,Running,1463,13,True
2026-02-23 05:25:29,M06,Running,2283,10,False
2026-04-19 05:04:09,M01,Idle,1197,6,False
2025-12-21 06:02:01,M08,Idle,2432,1,False
2025-08-15 15:27:18,M08,Running,1743,15,False
2026-07-06 16:08:50,M06,Running,2467,7,False
2026-01-20 20:45:35,M01,Idle,1413,10,False
2026-06-26 02:12:29,M06,Running,838,4,False
2026-02-17 02:32:22,M06,Running,2429,6,False
2025-09-20 17:13:19,M03,Running,863,6,False
2026-01-26 02:15:34,M09,Idle,1969,10,False
2025-12-29 09:21:56,M10,Running,2402,13,False
2026-04-14 13:36:40,M06,Running,1356,7,False
2026-07-22 23:36:36,M04,Running,2498,5,False
2026-06-28 13:38:26,M05,Running,1566,13,True
2026-02-05 06:36:35,M04,Idle,1708,9,True
2026-05-12 10:07:22,M08,Idle,1115,4,False
2025-10-09 03:30:34,M08,Running,1872,5,False
2026-01-26 20:33:46,M03,Running,1001,14,False
2025-10-18 03:14:38,M09,Running,1071,4,False
2026-05-22 16:59:47,M08,Running,1869,2,True
2026-03-01 08:33:38,M01,Running,2017,14,False
2026-04-20 08:13:52,M08,Idle,1011,9,False
2025-11-23 14:52:44,M05,Running,2353,5,False
2026-04-06 22:14:52,M04,Running,1194,5,False
2026-06-20 14:29:28,M06,Running,2174,2,False
2026-08-02 20:59:11,M03,Running,831,10,False
2026-03-07 17:39:49,M02,Running,1517,9,False
2026-06-07 13:42:36,M03,Idle,2446,5,False
2026-02-14 12:03:07,M03,Running,2055,15,False
2026-02-07 06:27:58,M08,Running,859,8,False
2026-01-26 21:22:37,M01,Running,910,2,False
2026-06-27 09:55:58,M03,Running,2013,11,False
2026-05-21 15:11:12,M08,Running,1439,6,False
2026-03-28 19:47:32,M09,Running,2347,13,False
2025-11-22 23:09:22,M03,Running,2443,15,False
2025-12-13 21:37:30,M02,Running,2201,11,False
2026-07-07 12:04:14,M08,Running,1258,3,False
2025-11-14 01:42:33,M10,Running,1544,7,False
2026-06-29 08:30:10,M06,Running,1465,8,False
2026-08-08 16:50:09,M02,Running,1519,8,False
2025-09-13 09:17:07,M03,Running,1513,10,False
2025-11-27 01:19:41,M09,Running,2474,12,False
2026-07-19 02:55:36,M06,Running,945,13,False
2026-02-01 19:18:28,M08,Running,1646,4,False
2025-11-13 10:30:02,M09,Running,1787,7,False
2026-05-29 04:28:28,M04,Idle,2010,7,False
2026-02-07 04:55:31,M07,Running,1500,9,False
2026-03-20 00:54:44,M03,Running,959,12,False
2026-04-04 18:13:56,M10,Idle,1034,10,False
2026-04-27 05:29:47,M06,Running,2483,8,False
2026-01-04 21:57:53,M07,Running,1022,11,False
2025-12-19 08:58:20,M07,Running,2120,11,False
2025-08-21 21:01:55,M04,Idle,1989,15,False
2026-02-18 16:47:56,M01,Running,2153,3,False
2026-07-07 04:59:02,M05,Running,1983,8,False
2025-12-14 22:52:48,M06,Running,2426,15,False
2025-10-20 08:23:56,M07,Running,1505,2,False
2026-02-16 01:49:24,M10,Maintenance,1627,14,False
2025-11-01 02:37:44,M05,Running,1924,1,True
2025-12-26 12:44:13,M09,Idle,1535,2,False
2026-06-16 13:51:54,M01,Running,2238,10,False
2025-11-19 01:32:51,M06,Running,1631,7,False
2025-12-20 21:42:59,M04,Running,1772,3,False
2025-11-27 08:08:04,M07,Idle,1537,14,False
2026-07-18 14:42:19,M05,Maintenance,2172,3,False
2026-03-30 06:05:45,M02,Running,1094,12,False
2026-05-10 01:02:05,M07,Maintenance,1078,2,False
2026-07-18 12:43:25,M07,Idle,2415,12,False
2025-11-26 00:32:18,M07,Running,1730,9,False
2026-03-14 13:52:35,M08,Running,1262,3,False
2025-08-14 16:08:37,M01,Running,2296,4,False
2026-02-27 08:50:36,M05,Running,1918,10,False
2025-10-23 22:18:12,M01,Running,2243,6,False
2025-09-12 23:29:57,M08,Maintenance,963,3,False
2025-11-12 11:07:48,M09,Maintenance,2337,13,False
2026-05-17 09:06:39,M09,Running,2049,2,False
2026-01-15 13:42:47,M02,Running,1904,13,False
2026-02-16 11:24:15,M10,Running,1503,9,False
2026-03-14 08:08:45,M08,Running,1760,10,False
2026-06-01 04:08:07,M07,Running,2434,5,False
2025-11-12 01:30:36,M01,Running,2023,12,False
2026-05-05 22:28:27,M10,Running,2088,8,False
2026-02-11 15:02:16,M10,Running,1397,13,False
2026-04-18 13:46:47,M01,Running,968,3,False
2026-05-14 04:22:50,M05,Running,2061,5,False
2026-02-17 08:18:54,M05,Running,1028,10,False
2026-01-31 18:49:05,M10,Running,2149,8,False
2026-06-14 16:11:55,M03,Running,2235,4,False
2025-08-17 10:14:50,M09,Idle,1502,2,False
2025-09-15 20:50:55,M10,Idle,1115,14,False
2025-12-03 00:00:10,M07,Running,1287,11,False
2025-11-04 18:57:24,M03,Running,2303,14,False
2026-01-14 18:49:13,M05,Running,1037,1,False
2026-05-06 09:27:08,M07,Running,1775,12,False
2025-11-13 05:17:49,M09,Running,2199,12,False
2025-12-07 15:34:32,M05,Running,1690,1,False
2026-04-25 14:05:04,M08,Running,1446,9,False
2026-03-24 14:01:10,M01,Running,1888,11,False
2026-01-01 01:02:54,M07,Running,2135,14,False
2026-02-10 12:38:09,M05,Running,1001,5,False
2026-03-13 16:16:13,M07,Running,2182,12,False
2026-03-04 22:04:46,M10,Running,1864,6,False
2025-12-22 05:34:47,M03,Running,821,11,True
2026-01-22 23:30:41,M02,Running,1000,9,False
2026-05-27 10:09:02,M08,Running,2285,5,False
2026-03-12 11:31:15,M01,Running,988,1,False
2025-12-17 04:43:37,M04,Maintenance,2106,2,False
2025-12-25 08:38:25,M02,Running,2038,3,False
2026-05-10 16:36:41,M10,Idle,1178,15,False
2026-02-02 22:44:27,M03,Running,1756,11,False
2025-11-23 22:39:09,M08,Idle,1366,13,False
2025-12-07 19:27:43,M06,Running,2398,2,False
2025-11-16 08:46:50,M01,Running,1481,1,False
2025-11-08 06:17:56,M05,Running,942,8,False
2025-09-26 14:07:22,M04,Running,1165,11,False
2026-05-17 20:23:09,M03,Running,1683,4,False
2025-10-24 12:32:39,M02,Idle,2265,5,False
2025-12-11 06:38:55,M02,Running,2290,5,False
2025-09-26 03:51:34,M01,Idle,1104,11,False
2026-05-26 05:40:55,M01,Running,1345,3,False
2026-03-06 20:08:33,M07,Running,1855,12,False
2026-06-02 17:39:02,M08,Running,1627,14,False
2026-05-05 18:19:09,M02,Running,806,7,False
2025-10-21 15:15:00,M08,Running,1896,15,False
2025-10-24 02:49:11,M06,Running,1620,1,False
2025-11-02 18:22:46,M02,Running,1496,2,False
2026-05-24 13:49:22,M05,Running,1161,9,True
2026-02-14 18:35:11,M07,Running,1412,12,False
2025-11-26 02:41:30,M02,Running,1535,8,False
2026-05-19 03:09:01,M08,Running,1086,1,False
2026-03-27 16:52:36,M10,Running,1596,2,False
2026-06-01 23:10:47,M05,Running,2462,8,False
2026-03-02 11:29:55,M01,Running,914,6,False
2026-03-30 12:01:17,M01,Running,1233,13,False
2025-11-28 15:16:03,M09,Running,2188,14,False
2025-09-18 18:29:59,M03,Running,1277,15,False
2026-06-30 02:11:14,M03,Running,839,8,False
2025-10-25 02:50:08,M10,Running,2236,11,False
2025-12-03 18:44:44,M03,Running,1429,14,False
2025-11-07 01:49:31,M08,Running,2010,2,False
2025-12-28 21:11:02,M02,Running,2018,13,False
2025-10-19 10:02:42,M02,Idle,1672,6,False
2025-12-06 02:52:00,M07,Running,2201,10,False
2025-08-16 05:24:03,M06,Idle,2424,4,False
2026-05-12 16:44:21,M10,Running,929,2,False
2026-03-06 04:01:42,M07,Running,1557,9,False
2025-09-28 21:22:02,M04,Idle,883,3,False
2025-11-25 06:17:43,M10,Running,1123,1,False
2025-08-28 09:45:56,M02,Running,1167,15,False
2025-08-31 21:44:52,M10,Idle,1652,12,False
2026-03-13 15:12:28,M08,Running,1222,3,False
2025-12-02 04:26:22,M09,Running,1289,3,False
2026-05-08 13:55:47,M01,Running,2268,8,False
2025-09-28 18:32:19,M02,Running,2402,5,False
2026-04-15 10:54:16,M01,Running,1193,2,False
2026-07-14 00:10:25,M02,Running,2358,9,False
2026-05-30 02:03:36,M08,Running,2150,4,False
2026-02-17 08:50:58,M04,Running,1105,11,False
2025-09-19 13:42:53,M08,Running,1127,11,False
2026-07-15 15:51:58,M01,Running,1383,4,False
2025-08-15 11:51:01,M06,Running,2353,8,True
2026-03-21 16:11:41,M01,Idle,1160,3,False
2025-11-29 03:45:47,M08,Running,945,15,False
2026-02-09 00:37:30,M08,Running,1467,7,False
2026-02-12 15:28:06,M06,Running,1025,6,False
2026-01-28 18:59:43,M04,Running,1209,7,False
2025-12-21 01:08:17,M02,Running,1792,1,False
2025-10-21 07:55:21,M03,Running,2048,8,False
2025-08-30 16:23:39,M06,Running,2274,4,False
2025-11-16 18:47:51,M05,Running,1060,1,False
2026-07-11 09:22:07,M01,Running,1027,14,False
2026-02-12 06:17:14,M07,Running,1503,4,False
2025-09-24 00:53:52,M10,Running,2427,11,False
2026-06-26 00:12:06,M03,Running,1932,14,False
2025-09-05 02:34:24,M07,Idle,1801,14,False
2026-01-13 08:23:33,M10,Running,1747,5,True
2026-02-17 16:56:19,M07,Running,1305,4,False
2025-09-08 12:01:28,M10,Running,2011,3,False
2026-03-22 19:45:20,M01,Running,890,1,False
2026-04-12 04:23:16,M09,Running,1887,7,False
2026-05-04 07:42:57,M02,Running,1292,2,False
2025-08-31 13:12:05,M01,Running,1632,4,False
2025-10-08 15:43:36,M05,Running,985,1,False
2025-10-07 16:09:03,M05,Running,1740,14,False
2026-06-21 17:55:14,M10,Running,1731,8,False
2026-03-17 07:34:25,M07,Running,1558,11,False
2025-12-06 17:28:51,M01,Idle,944,7,False
2025-09-12 19:28:19,M06,Running,1407,7,False
2025-11-15 02:50:09,M10,Running,2427,4,False
2025-09-25 17:34:37,M02,Running,1487,12,False
2026-03-15 11:08:46,M09,Idle,2181,6,False
2026-06-03 14:39:28,M02,Running,1753,10,True
2026-01-19 08:33:05,M06,Running,1944,12,False
2026-04-03 04:49:07,M04,Running,1485,4,False
2026-03-30 05:50:00,M08,Running,2340,10,False
2026-06-13 19:46:02,M04,Running,2358,4,False
2026-04-07 21:36:19,M05,Running,1666,5,False
2025-11-06 09:05:06,M06,Running,1795,9,False
2026-06-07 23:30:59,M02,Running,1889,11,False
2026-03-01 16:15:27,M05,Running,1553,13,False
2026-01-05 10:54:31,M02,Running,1737,2,False
2026-02-01 16:37:39,M03,Running,957,2,False
2026-07-29 13:24:11,M02,Running,1816,3,False
2026-01-29 15:59:14,M09,Maintenance,846,5,False
2025-12-04 05:03:38,M09,Idle,1770,6,False
2026-07-10 18:51:46,M01,Running,928,1,False
2026-03-27 06:58:49,M04,Idle,1864,11,False
2026-01-24 06:30:44,M10,Running,2123,13,False
2025-12-07 07:52:43,M10,Running,1885,14,False
2026-03-19 13:32:21,M08,Running,1070,15,False
2026-04-08 21:55:22,M03,Running,1264,8,False
2025-09-03 02:54:56,M05,Running,896,3,False
2026-04-04 11:42:01,M08,Maintenance,2066,15,False
2026-05-25 03:39:39,M09,Running,1159,14,False
2025-09-18 06:27:09,M03,Running,1039,1,False
2026-06-02 22:45:13,M10,Running,1333,6,False
2025-10-30 10:15:08,M09,Running,2163,6,False
2026-04-10 15:45:04,M03,Running,1905,3,False
2025-10-31 16:25:33,M02,Idle,1628,15,False
2025-11-21 12:12:33,M03,Idle,1455,3,True
2026-04-24 05:09:54,M09,Maintenance,1478,11,False
2025-09-11 06:15:02,M08,Idle,2344,10,False
2025-10-10 17:24:24,M10,Running,1705,6,False
2025-11-11 21:14:02,M08,Idle,1085,11,False
2025-10-17 05:35:17,M05,Running,2064,14,False
2026-03-13 02:28:09,M06,Running,912,10,False
2025-09-08 21:11:02,M10,Running,2400,15,False
2025-10-10 12:31:06,M04,Running,1902,14,False
2025-08-11 18:28:05,M02,Maintenance,1607,4,False
2026-01-16 09:11:18,M10,Running,914,15,False
2026-02-01 16:31:38,M07,Running,1675,6,False
2026-05-05 10:55:59,M01,Running,1519,5,False
2026-03-29 08:15:00,M09,Running,2290,15,False
2026-02-09 05:25:49,M07,Idle,1391,3,False
2025-12-01 20:15:43,M07,Running,1648,3,False
2025-08-23 09:45:14,M10,Running,1225,5,False
2025-11-08 15:02:36,M09,Maintenance,935,15,False
2025-11-30 14:51:38,M07,Running,1638,11,False
2026-05-12 06:50:04,M07,Running,1746,12,False
2025-11-28 12:39:17,M03,Running,1581,5,False
2026-05-10 17:50:51,M01,Idle,1418,14,False
2026-07-10 13:38:38,M08,Running,1749,4,True
2026-02-03 01:24:26,M01,Running,1414,11,False
2025-09-07 08:58:19,M08,Running,2163,15,False
2026-05-04 16:25:13,M03,Running,2208,11,False
2025-11-09 09:11:46,M02,Running,1809,2,False
2026-08-04 13:00:13,M06,Running,1958,7,False
2025-11-21 11:21:23,M08,Maintenance,2475,2,False
2026-06-12 16:37:04,M10,Running,1331,3,False
2026-06-14 00:29:31,M03,Running,2219,3,False
2026-04-10 11:29:29,M01,Running,1659,11,False
2026-03-27 18:45:57,M06,Running,1397,9,False
2026-04-24 12:12:04,M02,Running,2369,11,False
2026-06-18 22:28:21,M02,Running,1142,9,False
2026-08-08 07:56:57,M06,Idle,2202,13,False
2025-10-26 13:20:14,M06,Running,1987,6,False
2026-01-22 20:06:39,M01,Running,1376,6,False
2025-09-24 07:19:16,M07,Running,1133,2,False
2026-03-10 05:13:04,M09,Running,1185,13,False
2025-11-06 00:54:16,M10,Running,1876,14,False
2026-04-19 05:55:18,M09,Running,2443,2,False
2025-10-07 14:12:37,M02,Running,1068,15,True
2026-07-29 12:32:13,M06,Running,1542,3,False
2025-11-21 21:24:09,M10,Running,1500,3,False
2026-06-27 18:17:22,M01,Running,1042,4,False
2025-10-04 23:16:00,M03,Running,1429,3,False
2025-09-07 11:06:59,M02,Running,2362,13,False
2025-09-02 21:23:43,M01,Running,2351,7,True
2025-10-14 04:02:27,M02,Running,2151,9,False
2026-06-14 13:21:44,M08,Running,1318,1,False
2025-12-08 04:40:42,M01,Running,2402,2,False
2026-03-29 19:44:27,M04,Running,1209,3,False
2026-05-28 14:19:13,M01,Running,2328,5,False
2026-06-26 20:00:18,M06,Running,1825,13,False
2026-03-19 18:55:22,M04,Running,939,2,False
2026-08-03 11:39:55,M01,Running,2265,4,False
2025-11-30 19:34:27,M03,Idle,1900,1,False
2026-01-28 06:44:07,M02,Idle,1832,14,False
2025-09-28 00:35:19,M06,Running,1179,8,False
2026-02-08 18:06:37,M02,Running,1526,7,False
2026-05-05 04:28:21,M09,Running,1031,13,False
2025-12-06 19:51:50,M02,Running,1864,3,False
2026-05-09 11:31:09,M06,Running,1941,12,True
2026-01-14 01:10:47,M06,Running,1588,5,False
2025-11-24 11:02:49,M05,Running,1709,4,False
2026-02-21 02:16:02,M05,Maintenance,1676,4,False
2026-03-08 10:31:17,M08,Idle,1552,3,True
2026-02-18 12:02:01,M08,Running,1611,8,False
2026-01-27 17:44:13,M02,Running,1608,7,False
2025-09-10 23:18:03,M02,Running,1145,2,False
2026-03-30 23:38:03,M04,Running,2018,14,False
2025-08-26 05:03:28,M02,Running,1669,12,False
2026-07-22 03:33:02,M10,Running,2348,13,False
2026-01-25 12:19:39,M07,Running,2165,10,False
2026-05-22 23:52:51,M08,Running,1101,13,False
2025-12-13 21:47:00,M02,Running,1818,4,False
2026-04-02 04:32:51,M03,Running,2311,1,False
2025-11-15 23:07:35,M08,Running,1166,7,False
2025-08-20 18:36:24,M06,Running,2073,10,False
2025-09-15 04:45:24,M02,Running,1864,13,False
2025-11-07 15:15:31,M08,Running,2155,8,False
2026-04-29 14:26:41,M05,Running,2457,14,False
2026-07-01 09:13:39,M01,Maintenance,864,7,False
2026-07-10 22:07:37,M02,Running,1444,14,False
2026-03-22 02:46:22,M08,Running,1162,9,False
2026-03-26 17:54:39,M05,Idle,1136,8,False
2025-08-18 18:53:24,M05,Running,1798,13,False
2026-06-03 17:36:43,M08,Running,2203,9,False
2026-04-28 19:38:49,M08,Running,1120,9,False
2026-06-25 17:43:46,M05,Running,1573,10,False
2025-11-23 09:33:12,M05,Running,857,10,True
2026-03-22 12:32:23,M06,Running,2319,10,True
2025-08-26 08:30:53,M06,Running,1676,6,False
2026-06-03 02:13:12,M07,Running,2154,4,False
2026-05-31 10:27:54,M05,Running,2209,2,False
2025-10-17 18:25:28,M02,Running,840,9,False
2026-02-09 10:54:50,M08,Running,1665,10,False
2026-02-28 06:37:19,M07,Running,2225,8,False
2026-04-20 18:02:13,M06,Running,1599,6,False
2026-01-29 11:24:19,M08,Running,2182,4,False
2026-08-01 11:56:45,M09,Idle,2166,6,False
2025-11-26 18:08:08,M05,Running,1692,4,False
2025-10-20 05:07:48,M02,Idle,1897,4,False
2026-03-26 01:11:46,M01,Running,1974,7,False
2026-01-27 00:16:16,M10,Running,988,12,False
2026-04-14 06:09:03,M02,Running,1359,2,False
2026-06-22 22:50:29,M09,Running,1229,6,False
2026-02-17 16:44:42,M05,Running,1414,7,False
2025-09-15 03:58:10,M06,Running,1623,5,False
2026-02-09 06:20:34,M08,Running,1921,3,False
2025-12-23 20:45:38,M09,Idle,1981,8,False
2026-01-16 07:36:31,M08,Running,2106,9,False
2025-12-18 04:11:16,M07,Idle,2288,11,False
2025-12-13 10:00:30,M04,Running,1102,4,False
2026-04-27 23:37:32,M05,Idle,1640,6,False
2025-09-20 08:28:12,M02,Running,1644,5,False
2026-07-09 20:10:49,M03,Running,2031,4,False
2025-10-12 04:31:29,M02,Running,856,4,False
2025-12-16 19:31:17,M05,Running,1946,7,False
2026-01-17 14:20:20,M01,Running,1358,3,True
2026-05-07 03:02:09,M05,Running,1160,11,False
2026-02-19 03:38:04,M08,Running,913,14,False
2025-11-30 15:54:47,M06,Running,930,15,False
2026-04-25 01:15:17,M06,Running,984,7,False
2026-01-13 06:00:50,M03,Running,1969,12,False
2026-06-22 16:30:49,M02,Running,2497,10,False
2026-06-02 01:54:00,M09,Running,984,4,False
2026-03-12 08:48:02,M06,Running,1996,12,False
2025-08-24 23:34:14,M04,Idle,1246,3,False
2026-02-03 08:48:48,M04,Maintenance,1700,7,False
2025-09-13 22:18:19,M10,Running,1892,6,False
2025-12-10 21:02:27,M02,Running,1667,8,False
2025-11-16 18:03:23,M05,Idle,1096,6,False
2025-12-14 06:39:31,M06,Idle,843,11,False
2025-09-24 17:59:46,M10,Running,2314,11,False
2026-06-06 18:11:49,M01,Running,2415,11,False
2026-01-14 16:42:47,M09,Running,2108,12,False
2026-07-12 15:04:46,M02,Running,1284,14,False
2026-02-26 13:54:47,M01,Idle,1604,15,False
2026-06-27 02:24:26,M05,Running,2484,13,False
2025-08-11 04:15:26,M04,Idle,1128,15,False
2026-04-23 03:22:03,M06,Idle,2370,11,False
2026-07-14 08:37:15,M01,Running,964,14,False
2026-03-09 10:52:02,M08,Running,1645,15,False
2026-02-06 03:27:36,M07,Idle,2479,2,False
2026-01-18 05:16:30,M05,Running,1520,7,False
2025-08-31 18:44:50,M09,Running,1728,12,True
2025-10-22 13:55:28,M01,Running,1176,11,False
2026-02-28 01:44:02,M03,Running,1209,11,False
2025-12-29 05:33:23,M10,Running,1123,4,False
2026-04-09 12:53:48,M03,Idle,2204,7,False
2026-05-31 12:05:23,M06,Running,2305,3,False
2026-02-20 07:49:15,M10,Idle,2437,5,False
2026-04-10 14:45:38,M07,Running,1605,15,False
2026-01-29 09:38:56,M10,Running,847,15,False
2026-06-01 21:09:13,M10,Running,982,8,False
2025-08-30 18:35:06,M03,Running,2065,7,False
2025-10-28 18:49:44,M03,Running,1553,3,False
2025-11-22 10:40:23,M02,Running,1876,7,False
2026-03-12 00:37:36,M08,Idle,1812,2,False
2025-09-30 14:39:37,M04,Running,2465,13,False
2026-08-06 00:03:55,M08,Running,1683,14,False
2025-11-30 14:09:17,M04,Maintenance,1379,12,False
2026-01-27 21:03:59,M07,Running,2422,3,True
2026-07-18 19:36:50,M05,Running,1723,15,False
2026-05-08 21:41:26,M10,Running,1738,2,True
2026-02-14 23:22:12,M03,Idle,2219,7,False
2025-09-26 21:18:06,M07,Running,2307,10,False
2025-08-21 22:36:40,M02,Running,906,6,False
2026-04-12 09:45:42,M08,Idle,2041,11,False
2026-04-04 04:37:25,M10,Running,2458,1,True
2026-06-17 03:40:21,M09,Running,1419,7,False
2025-11-11 15:56:33,M03,Maintenance,1945,1,False
2026-05-13 09:11:02,M05,Running,1809,15,False
2025-10-11 05:43:12,M08,Running,1449,12,False
2025-12-09 09:55:47,M03,Running,1441,1,False
2026-03-12 15:43:13,M08,Idle,1375,12,False
2025-08-16 00:59:01,M07,Running,1339,10,False
2026-03-13 04:53:05,M05,Running,1692,15,False
2026-01-16 04:16:38,M08,Running,1109,9,False
2025-09-15 22:18:04,M08,Running,1104,1,False
2025-11-05 23:53:25,M01,Running,1134,12,False
2026-07-03 11:59:52,M02,Maintenance,1813,1,False
2026-07-31 06:39:06,M09,Running,1809,2,False
2025-09-23 19:03:46,M03,Running,991,4,False
2026-02-05 22:32:04,M03,Idle,2335,9,False
2025-09-25 08:23:32,M10,Idle,1999,4,False
2026-04-19 06:37:13,M01,Running,1968,3,False
2026-06-29 21:39:54,M02,Running,1820,11,False
2025-10-09 12:38:36,M06,Running,2195,11,False
2026-02-20 06:43:29,M06,Running,1017,14,False
2026-08-07 22:29:06,M01,Running,2249,11,False
2026-05-16 00:45:20,M05,Running,811,6,False
2025-12-02 01:52:31,M10,Maintenance,1465,12,False
2026-02-24 08:33:34,M10,Running,899,13,False
2026-05-11 16:26:29,M06,Running,2323,2,False
2025-11-24 22:02:00,M10,Running,1616,5,False
2026-01-19 02:10:45,M07,Running,1226,3,False
2026-06-30 21:43:10,M07,Running,2341,11,False
2026-02-14 02:45:02,M05,Running,1685,12,False
2026-02-10 02:56:09,M05,Idle,2035,3,False
2025-11-13 09:15:55,M02,Idle,1849,4,False
2026-02-04 03:05:13,M07,Running,1953,10,False
2026-03-12 19:41:29,M07,Idle,2057,3,False
2025-10-05 21:41:22,M07,Running,1851,6,False
2026-01-06 16:48:33,M04,Running,2261,3,False
2025-10-23 18:08:45,M09,Running,1874,2,False
2026-08-03 17:57:45,M07,Running,2441,8,False
2026-03-31 12:07:57,M03,Running,1415,14,False
2026-02-24 02:40:37,M07,Running,897,9,False
2026-05-27 13:28:45,M01,Running,1845,7,False
2026-07-18 05:26:36,M08,Running,1964,14,False
2025-10-02 17:52:42,M05,Running,2374,9,True
2026-07-12 06:50:36,M08,Running,1173,14,False
2025-09-06 20:12:20,M02,Running,2242,5,False
2025-11-26 00:20:27,M08,Running,1721,10,False
2026-06-06 19:22:58,M06,Maintenance,2458,3,False
2026-06-13 12:55:11,M02,Running,2037,5,False
2026-07-08 13:13:45,M02,Running,836,1,False
2026-01-18 21:04:20,M01,Running,1777,8,False
2025-12-20 17:23:43,M10,Running,1420,10,False
2026-08-08 13:21:17,M10,Running,2179,12,False
2026-06-12 15:35:13,M05,Running,1076,1,False
2026-02-23 21:59:12,M01,Running,1185,14,True
2025-11-22 11:45:29,M08,Running,2130,4,False
2026-06-25 09:36:14,M09,Running,1416,13,False
2025-08-11 17:26:18,M08,Running,1038,3,False
2025-11-28 13:46:44,M08,Maintenance,1765,1,False
2026-05-19 16:48:51,M10,Running,1403,10,False
2025-12-04 16:16:14,M07,Running,816,2,False
2026-07-01 23:22:11,M07,Maintenance,1815,12,False
2026-03-26 16:11:04,M09,Maintenance,875,8,False
2026-03-23 22:48:22,M09,Running,2052,15,False
2026-04-24 00:37:20,M08,Running,924,9,True
2026-02-16 21:18:26,M10,Running,930,5,False
2026-07-12 18:20:30,M07,Idle,1039,8,False
2025-10-07 10:32:17,M06,Running,1693,1,False
2026-01-31 03:39:07,M04,Running,1697,4,False
2026-03-07 21:27:48,M10,Idle,1494,15,False
2026-02-14 19:55:03,M08,Running,1400,12,False
2025-12-22 18:19:00,M07,Idle,2178,11,False
2025-12-17 20:05:36,M08,Running,1131,10,False
2026-03-13 01:46:18,M02,Running,1064,3,False
2026-06-03 00:01:02,M10,Running,2425,7,False
2026-03-09 18:39:50,M08,Running,1228,9,True
2026-01-04 05:22:52,M01,Running,1334,6,False
2026-02-03 13:38:52,M03,Idle,1831,1,False
2026-08-08 00:20:30,M06,Running,2064,4,False
2025-12-13 16:42:39,M04,Running,1496,13,False
2026-07-14 10:48:13,M01,Running,1940,5,False
2025-10-22 23:53:46,M09,Running,1013,12,False
2026-05-08 14:41:06,M08,Running,2347,2,False
2025-11-11 11:21:27,M10,Running,1008,14,False
2026-03-20 19:04:08,M09,Running,2090,2,False
2026-01-06 11:04:32,M06,Running,1398,12,False
2025-11-09 10:29:18,M09,Running,1003,3,False
2026-07-09 04:08:52,M06,Idle,1051,14,False
2026-06-07 22:07:37,M07,Running,813,4,False
2026-01-17 06:13:48,M08,Running,1834,3,False
2025-08-27 16:21:03,M06,Running,1649,6,False
2025-12-12 07:08:48,M04,Running,2343,9,False
2026-05-26 22:41:01,M04,Running,1678,7,False
2026-02-10 09:59:12,M08,Maintenance,1857,13,False
2026-05-11 14:43:43,M01,Running,2377,1,False
2026-07-31 11:18:53,M09,Idle,973,6,False
2026-06-21 20:24:27,M03,Running,1605,13,True
2026-01-05 18:51:37,M03,Idle,918,11,False
2026-01-07 16:02:36,M09,Maintenance,1658,7,False
2026-04-25 11:33:24,M09,Idle,2277,12,False
2026-06-14 11:10:22,M06,Running,1372,15,False
2026-06-25 11:27:00,M03,Running,1713,11,False
2026-04-20 22:47:10,M09,Running,2066,11,False
2025-10-08 19:15:10,M06,Idle,2400,11,False
2026-02-19 02:19:34,M04,Idle,972,1,False
2025-08-25 02:34:35,M07,Running,2315,15,False
2025-09-28 18:13:44,M09,Running,990,9,False
2026-02-21 19:13:17,M09,Running,2101,3,True
2026-03-27 22:24:32,M09,Running,1294,14,False
2025-12-17 15:56:36,M07,Maintenance,1026,12,False
2026-07-14 11:43:23,M06,Running,1839,6,False
2025-09-18 16:59:40,M02,Running,1972,12,True
2026-07-16 05:34:24,M06,Maintenance,2449,12,False
2026-07-04 21:52:00,M10,Running,2085,11,False
2026-01-28 17:28:47,M10,Running,1412,5,False
2025-09-18 10:54:32,M10,Running,2262,7,False
2026-03-02 23:44:52,M04,Running,1857,10,False
2026-07-30 07:27:36,M06,Running,1100,12,False
2026-02-04 04:24:25,M07,Running,927,7,False
2025-08-16 16:34:42,M08,Running,959,6,False
2026-05-18 07:11:35,M07,Running,1862,13,False
2025-10-05 17:09:16,M05,Running,2103,7,False
2026-01-16 22:48:22,M08,Running,1653,14,False
2026-07-14 23:12:44,M09,Running,2256,8,False
2026-04-22 00:31:58,M09,Idle,1041,12,False
2025-10-09 16:16:46,M08,Running,1121,9,False
2025-09-08 18:58:42,M02,Running,1636,2,False
2026-02-09 01:29:53,M10,Running,1870,3,False
2026-06-10 05:52:20,M05,Maintenance,1421,5,False
2025-11-21 15:43:11,M03,Running,2007,7,True
2025-12-20 05:08:52,M05,Idle,1241,3,False
2026-04-09 18:43:38,M08,Running,1921,6,False
2026-05-06 18:00:12,M01,Running,1973,5,False
2026-01-12 02:20:30,M06,Running,1773,14,False
2026-04-20 02:26:42,M10,Running,1083,9,False
2025-09-10 22:07:17,M08,Running,1105,14,False
2026-07-07 12:33:23,M02,Running,2160,10,False
2025-12-16 07:58:54,M04,Idle,1494,9,True
2026-07-07 17:55:32,M08,Running,2122,2,False
2026-04-29 14:59:45,M01,Running,2430,13,False
2026-07-10 11:10:41,M09,Running,2118,9,False
2026-03-05 23:14:56,M10,Running,2351,1,False
2026-01-05 07:28:22,M09,Running,1774,9,False
2025-12-11 17:01:28,M02,Running,1889,3,False
2026-04-11 03:43:13,M05,Running,1302,14,False
2026-05-16 20:27:37,M10,Running,2452,9,False
2026-07-21 09:03:23,M07,Running,1806,14,False
2026-06-01 15:39:59,M06,Running,1649,1,False
2026-02-16 05:31:43,M06,Running,986,2,False
2026-07-15 12:43:39,M09,Running,1094,3,False
2026-03-08 20:09:48,M02,Running,1634,11,False
2025-08-24 16:07:56,M10,Maintenance,1171,1,False
2026-04-07 12:40:04,M05,Running,1455,3,False
2025-09-06 07:15:22,M06,Running,2495,15,False
2025-11-09 21:44:45,M04,Running,2022,10,False
2026-04-12 20:22:32,M09,Running,1588,2,False
2026-05-03 12:35:41,M06,Running,1633,2,False
2026-08-03 09:12:35,M07,Running,838,5,False
2025-11-30 08:05:42,M10,Running,1304,13,False
2025-11-07 01:51:15,M03,Running,1633,8,False
2026-05-27 17:53:44,M09,Running,1091,6,False
2025-09-14 19:55:30,M03,Running,1900,7,False
2026-01-26 06:26:09,M09,Running,802,14,False
2025-09-17 23:05:06,M10,Running,1142,1,False
2026-06-02 00:41:16,M08,Running,1313,14,False
2026-04-13 20:29:11,M06,Idle,1235,10,False
2026-05-11 02:15:59,M05,Running,2313,9,False
2026-07-15 14:33:23,M05,Running,2230,2,False
2025-09-18 18:19:26,M09,Maintenance,1684,4,False
2026-01-30 00:54:44,M06,Idle,1501,11,False
2025-10-14 08:09:38,M08,Running,2156,6,False
2026-05-07 06:05:17,M08,Maintenance,1472,1,False
2025-12-05 00:45:17,M03,Running,804,10,False
2026-07-27 14:03:04,M01,Running,1646,9,False
2025-08-21 23:20:11,M08,Running,1902,2,False
2025-08-28 14:11:43,M02,Running,2471,11,False
2025-12-14 16:55:10,M02,Running,2464,7,False
2026-06-15 22:07:24,M06,Running,2372,13,False
2025-09-01 12:35:51,M01,Running,1558,15,False
2025-12-02 15:54:52,M01,Running,840,13,False
2025-12-27 22:38:56,M06,Running,2471,10,False
2026-01-03 07:18:02,M04,Running,1811,6,True
2026-01-24 23:49:13,M08,Idle,2247,10,False
2025-10-06 06:20:14,M04,Maintenance,2107,7,False
2025-11-13 13:36:49,M05,Running,1811,3,False
2026-03-05 00:21:27,M10,Running,2034,10,False
2026-01-17 18:07:45,M10,Running,933,3,False
2026-03-18 12:21:37,M10,Idle,1871,12,False
2026-05-02 12:22:07,M04,Idle,847,12,False
2026-06-14 12:20:43,M10,Running,1947,15,False
2025-10-19 15:46:49,M07,Running,2131,1,False
2025-10-15 17:53:27,M06,Running,1633,5,False
2025-10-17 17:17:35,M09,Running,1540,9,False
2025-09-10 09:34:01,M04,Running,1660,9,False
2026-04-04 10:24:13,M01,Running,1485,2,False
2026-07-14 22:20:31,M01,Maintenance,1262,12,False
2026-01-06 07:05:59,M02,Idle,1203,3,False
2026-04-08 09:38:52,M02,Running,998,1,False
2026-05-03 00:48:15,M01,Running,2082,15,False
2025-11-12 06:13:29,M05,Running,1769,4,False
2026-02-20 00:07:24,M01,Idle,1864,13,False
2026-07-31 05:42:42,M02,Running,2068,8,False
2026-03-25 04:56:49,M08,Running,975,1,False
2025-10-05 07:28:56,M07,Running,2220,2,False
2025-11-08 21:40:54,M01,Idle,1705,1,False
2026-02-05 19:45:26,M07,Running,2187,1,False
2026-04-15 11:13:50,M05,Idle,1622,2,False
2025-11-17 08:46:08,M07,Running,2027,13,False
2026-02-05 05:02:10,M01,Running,1750,13,False
2025-11-17 21:20:45,M10,Running,1495,11,False
2026-04-26 16:56:04,M01,Running,1472,10,False
2025-08-14 09:07:08,M02,Running,2260,2,False
2026-07-25 19:57:48,M04,Idle,1058,11,False
2026-06-19 05:15:08,M06,Running,2284,10,False
2026-02-07 10:00:11,M04,Running,890,1,False
2026-07-26 17:24:33,M10,Running,2134,13,False
2025-11-30 10:27:00,M10,Idle,2388,3,False
2026-04-30 21:19:11,M05,Running,1396,6,False
2026-03-11 00:11:33,M09,Running,2189,3,False
2025-10-11 01:58:05,M09,Idle,1945,14,False
2025-09-08 09:58:17,M06,Running,1210,11,False
2026-01-29 06:44:54,M02,Running,2167,8,False
2025-12-22 22:26:01,M08,Running,1478,14,False
2026-03-26 22:05:37,M06,Running,1657,6,False
2025-12-04 21:50:53,M08,Idle,886,8,False
2026-04-15 20:52:08,M01,Running,2219,4,False
2026-01-22 12:22:28,M04,Running,2304,13,False
2026-05-05 19:43:00,M06,Idle,1569,4,False
2025-11-15 20:36:46,M01,Running,951,6,True
2026-02-04 03:32:49,M02,Running,1701,4,False
2026-07-05 00:19:56,M06,Running,860,4,False
2025-12-06 01:30:24,M03,Running,1336,12,False
2025-10-27 02:21:56,M09,Running,1201,1,False
2026-01-07 03:07:46,M05,Idle,842,14,False
2026-07-08 03:11:29,M07,Running,1027,6,False
2026-02-14 09:21:15,M05,Running,1557,13,False
2025-09-21 03:36:32,M03,Idle,2436,10,False
2025-11-10 20:26:45,M02,Running,1067,13,False
2026-01-05 20:06:05,M09,Running,1566,6,False
2026-03-20 20:14:04,M04,Idle,2362,10,False
2025-12-28 03:16:13,M09,Running,1104,6,False
2026-03-21 23:09:50,M05,Idle,1840,10,False
2025-12-03 15:15:32,M04,Running,2406,8,False
2026-05-09 07:16:55,M10,Running,1841,7,False
2025-12-03 09:16:43,M09,Running,1862,8,False
2025-08-19 06:01:13,M06,Running,1789,12,False
2026-06-29 02:02:21,M08,Running,1621,11,False
2026-04-23 08:40:30,M10,Running,1224,4,False
2026-01-11 10:42:19,M08,Idle,1610,4,False
2025-11-25 07:52:16,M07,Running,1566,5,False
2025-08-13 21:00:25,M03,Running,1404,8,False
2026-03-18 12:22:09,M04,Running,1752,9,False
2026-07-12 16:32:28,M07,Running,1685,7,False
2026-05-04 01:38:35,M08,Running,1583,1,False
2026-06-08 23:55:07,M04,Running,955,6,False
2026-05-26 22:20:42,M05,Idle,1850,9,False
2025-08-29 18:39:14,M05,Idle,1001,2,False
2026-07-30 09:05:37,M01,Running,1483,4,False
2026-04-03 05:38:48,M05,Running,2470,13,False
2026-05-27 03:02:11,M05,Running,2037,3,False
2026-02-19 15:21:44,M09,Idle,817,13,False
2026-06-30 04:08:59,M06,Running,1627,7,False
2026-07-27 20:52:00,M01,Running,1849,13,False
2026-07-27 09:29:31,M07,Running,2281,12,False
2025-11-29 21:03:05,M04,Running,2409,9,False
2026-06-07 23:57:30,M08,Running,975,6,False
2026-06-16 23:26:40,M07,Running,2229,7,False
2025-11-08 02:23:14,M08,Idle,861,6,False
2026-04-03 11:47:04,M03,Running,2311,1,False
2026-06-18 04:04:34,M06,Running,1658,7,False
2025-12-25 13:23:52,M07,Running,2214,9,False
2025-11-03 18:47:55,M10,Running,2408,1,False
2026-04-14 23:14:14,M03,Maintenance,1476,10,False
2025-10-23 13:41:13,M10,Idle,1975,14,False
2026-04-08 20:39:13,M07,Running,1600,2,False
2025-11-16 01:32:22,M04,Running,1473,10,False
2026-04-30 22:45:04,M05,Running,1013,11,False
2026-05-31 04:01:10,M01,Idle,2035,8,True
2026-05-17 17:04:05,M04,Running,1590,5,False
2026-06-04 18:52:28,M05,Running,943,8,False
2026-04-23 17:32:45,M09,Running,1469,14,False
2026-05-02 03:33:28,M07,Running,1026,3,False
2026-07-02 07:23:48,M08,Running,1596,15,False
2025-10-02 20:24:12,M03,Idle,1434,7,False
2026-04-11 17:13:31,M08,Running,1977,5,False
2025-09-17 11:09:43,M09,Running,1739,5,False
2026-07-27 13:51:41,M03,Running,2488,7,False
2026-04-11 09:51:43,M04,Running,1965,15,False
2026-04-18 17:51:35,M08,Running,2309,2,False
2025-08-26 00:58:25,M08,Running,2257,13,False
2025-12-08 16:59:30,M10,Idle,1158,7,False
2026-06-12 23:54:39,M10,Running,1737,7,False
2026-01-28 22:17:54,M03,Running,995,7,False
2025-08-23 16:30:30,M01,Running,1123,5,False
2026-03-23 19:32:52,M09,Running,936,12,False
2025-12-30 10:16:54,M04,Idle,1642,13,False
2026-05-22 03:36:59,M06,Running,1015,9,False
2025-09-30 18:22:31,M06,Running,1137,5,False
2025-09-14 17:37:57,M01,Running,949,11,False
2026-07-29 23:52:27,M08,Running,2327,7,False
2025-12-03 08:09:26,M07,Running,1313,2,False
2025-12-15 14:46:17,M03,Running,2333,8,False
2026-05-28 00:33:18,M02,Running,2145,4,False
2026-01-19 02:17:53,M08,Running,2480,5,False
2025-10-17 22:36:45,M03,Idle,2043,2,False
2025-10-27 17:04:18,M02,Running,1600,3,False
2025-10-01 01:20:49,M01,Running,1114,8,False
2026-06-12 04:21:33,M04,Running,2182,9,False
2026-03-08 05:10:23,M01,Idle,2461,9,False
2026-07-17 02:44:00,M02,Running,1431,8,False
2025-12-30 19:34:04,M01,Running,1572,13,False
2026-03-04 21:25:52,M04,Running,1288,4,False
2026-02-21 14:35:41,M07,Running,829,6,False
2026-07-31 11:50:39,M02,Running,997,13,False
2025-11-24 13:40:03,M03,Running,890,7,False
2026-06-29 06:05:40,M06,Running,2083,4,False
2025-10-13 15:11:37,M09,Running,1676,2,False
2025-11-18 12:39:48,M02,Running,1155,1,False
2026-07-31 17:04:56,M06,Running,1235,8,False
2026-06-27 00:11:41,M05,Running,1555,1,False
2026-02-13 20:40:33,M04,Running,2371,10,False
2026-06-19 22:32:46,M02,Running,2420,15,False
2025-12-03 08:26:46,M03,Running,994,10,False
2026-05-27 15:57:57,M07,Running,2379,12,False
2026-07-14 18:12:58,M03,Running,2208,6,False
2025-12-20 06:35:00,M08,Running,836,10,False
2026-06-19 01:31:09,M08,Running,2111,12,False
2025-09-24 10:59:17,M10,Running,827,4,True
2026-02-08 14:41:36,M02,Running,2311,7,False
2025-09-08 23:22:10,M10,Running,1081,6,False
2025-10-04 09:28:44,M04,Running,1218,11,True
2026-05-30 14:43:47,M10,Maintenance,1708,12,False
2025-11-06 08:24:35,M03,Running,2118,13,False
2026-07-10 18:37:12,M09,Running,1649,11,False
2026-04-30 09:19:21,M01,Running,2300,6,False
2026-05-18 23:43:03,M04,Running,2161,4,False
2026-04-29 15:27:00,M04,Running,1581,9,False
2026-01-12 01:40:19,M08,Running,932,14,False
2026-07-05 04:26:18,M04,Running,1089,4,False
2026-06-19 04:49:44,M03,Running,2428,15,False
2026-03-15 04:03:31,M09,Running,2284,8,False
2025-12-30 18:47:57,M04,Running,1161,10,False
2025-09-14 19:12:44,M05,Running,2101,4,False
2026-06-13 19:13:07,M08,Running,1536,7,False
2026-01-10 23:13:48,M08,Running,1834,10,False
2025-08-16 03:15:35,M03,Idle,2425,8,True
2025-11-21 10:27:40,M07,Running,970,13,False
2026-03-07 02:44:42,M05,Running,1112,9,False
2025-09-27 17:27:32,M05,Running,1426,8,False
2026-02-03 08:26:29,M09,Running,947,6,False
2025-12-31 20:59:45,M08,Running,1188,1,True
2026-04-29 00:44:37,M09,Running,1566,8,False
2026-05-28 14:49:21,M07,Idle,2320,6,False
2026-04-28 20:11:56,M05,Running,2004,2,False
2025-11-20 13:03:00,M01,Maintenance,1054,7,False
2026-03-25 18:01:24,M03,Running,1693,5,False
2026-01-05 16:56:37,M06,Running,1800,11,False
2026-06-26 03:00:48,M01,Running,1668,12,False
2026-04-15 17:14:20,M08,Running,2465,6,False
2026-08-10 21:41:03,M01,Running,2121,3,False
2026-01-01 23:54:50,M08,Idle,1101,5,False
2025-09-21 19:23:14,M10,Maintenance,1130,1,False
2026-04-29 19:27:40,M02,Running,1587,7,False
2025-11-09 12:54:24,M02,Running,1186,15,False
2026-02-09 20:00:41,M07,Running,1418,9,False
2025-08-20 10:46:30,M07,Running,2303,7,False
2026-04-08 08:07:26,M02,Running,1972,13,False
2026-07-20 03:11:40,M03,Running,1229,15,False
2026-03-16 18:13:28,M05,Running,1144,14,False
2025-12-16 02:46:07,M02,Running,2226,7,False
2026-08-01 04:19:55,M05,Running,1149,3,False
2026-04-04 15:54:24,M03,Running,1172,9,False
2025-11-04 16:49:13,M08,Running,1235,3,False
2026-04-19 06:05:10,M03,Idle,1192,5,False
2025-09-04 06:45:14,M07,Running,2078,2,False
2026-04-14 11:55:20,M03,Running,975,7,False
2026-06-26 16:25:01,M02,Running,1999,4,False
2026-02-07 00:48:56,M02,Running,1344,13,False
2026-07-29 21:38:08,M10,Running,885,2,False
2026-05-10 00:02:29,M01,Running,1865,13,False
2025-12-06 02:08:42,M08,Running,1490,10,False
2026-04-19 20:52:43,M06,Running,1502,6,False
2026-01-16 07:07:18,M06,Running,1575,10,False
2025-09-25 01:01:37,M06,Idle,2451,2,True
2025-10-04 00:20:41,M07,Running,1084,1,False
2025-08-28 08:11:29,M09,Running,2232,13,False
2025-08-25 04:22:14,M06,Running,2205,11,False
2025-12-06 22:24:43,M09,Running,1184,1,False
2026-02-18 01:07:22,M06,Running,1537,14,True
2025-09-24 19:50:59,M06,Running,1278,10,False
2025-09-17 11:25:25,M10,Running,1513,7,False
2025-11-09 22:01:24,M08,Maintenance,2232,15,False
2026-07-21 07:23:05,M07,Running,1199,12,False
2026-03-07 11:49:34,M09,Idle,2407,14,False
2025-10-02 10:00:33,M01,Running,2431,2,False
2026-01-08 15:58:13,M09,Maintenance,1756,3,False
2026-02-02 21:47:41,M02,Running,1907,4,False
2026-01-01 19:36:23,M03,Running,2151,12,False
2026-04-28 02:54:47,M07,Maintenance,859,3,False
2026-05-26 08:05:47,M06,Idle,2369,5,False
2026-05-08 05:13:47,M05,Running,2173,2,False
2026-03-08 12:29:15,M09,Running,1807,2,False
2026-01-20 12:04:23,M06,Idle,1979,13,False
2026-03-26 19:56:14,M02,Running,1572,15,False
2026-05-25 23:58:38,M07,Running,2407,9,False
2026-05-19 21:55:24,M07,Idle,1257,5,False
2025-10-09 17:47:11,M02,Running,1496,12,False
2026-07-20 14:10:59,M04,Running,1037,10,False
2026-01-18 20:31:57,M06,Maintenance,1981,12,True
2026-04-22 01:50:35,M01,Running,1188,14,False
2025-09-18 04:28:37,M07,Running,1547,13,False
2026-06-30 12:06:40,M03,Running,2032,10,False
2026-02-16 18:34:24,M07,Running,1743,6,False
2026-04-06 19:49:23,M05,Idle,1823,11,False
2026-01-16 05:26:39,M10,Running,2329,11,False
2026-08-10 10:08:15,M01,Running,1432,9,False
2025-11-27 08:53:44,M02,Running,2246,10,False
2025-08-23 10:27:59,M04,Running,2242,7,False
2026-05-05 19:24:38,M06,Running,2267,4,False
2026-01-01 15:07:05,M04,Running,907,15,False
2025-11-03 02:37:43,M03,Idle,2289,7,False
2026-01-29 22:09:30,M03,Maintenance,1922,7,False
2026-01-30 10:23:39,M08,Maintenance,2351,7,False
2025-11-10 10:15:28,M09,Running,1378,12,False
2026-07-08 22:54:08,M09,Running,1068,6,False
2025-12-29 14:00:27,M10,Idle,910,14,False
2025-09-18 07:34:50,M05,Running,1135,10,False
2026-05-04 00:31:54,M08,Running,1096,4,False
2025-12-31 09:20:18,M04,Running,818,6,False
2026-03-10 04:19:05,M10,Running,2408,14,False
2026-07-26 21:56:47,M07,Running,1144,15,False
2026-04-18 03:45:00,M06,Maintenance,1167,1,False
2025-12-28 00:36:40,M09,Running,2015,7,False
2025-09-03 05:53:46,M07,Running,1043,4,False
2026-01-12 08:27:32,M05,Running,1153,11,False
2025-11-25 20:55:48,M02,Running,2475,11,False
2025-10-23 10:40:21,M08,Running,1045,2,False
2025-09-27 04:08:22,M08,Running,1843,4,True
2026-07-06 01:46:14,M10,Maintenance,1782,5,False
2026-06-26 19:32:46,M02,Running,1170,7,False
2026-02-03 07:48:06,M07,Running,1056,2,False
2025-09-15 07:59:12,M09,Running,2464,12,True
2026-04-25 02:58:51,M09,Idle,2404,13,False
2025-11-01 02:29:53,M02,Running,1997,9,False
2026-04-16 22:38:51,M02,Running,1224,11,False
2026-04-16 02:02:04,M03,Idle,2223,3,True
2026-03-30 15:19:56,M08,Idle,1051,1,False
2025-08-19 00:35:40,M04,Running,979,9,False
2025-08-30 08:57:16,M01,Running,1055,9,False
2026-06-12 06:59:08,M09,Running,2147,1,False
2025-12-18 06:03:33,M01,Idle,1863,15,False
2025-11-13 07:45:18,M09,Running,1981,8,False
2025-09-28 15:13:27,M09,Idle,1521,10,False
2026-06-12 08:41:46,M04,Running,2157,14,True
2026-03-17 23:46:36,M01,Running,1413,14,False
2025-10-29 10:10:59,M03,Running,1242,10,False
2025-09-06 09:01:17,M03,Running,1664,2,False
2026-06-28 23:59:29,M05,Running,1134,7,False
2026-06-03 21:18:44,M05,Running,2222,3,False
2026-03-13 23:07:10,M02,Running,1351,11,False
2025-10-30 04:22:30,M04,Running,1954,11,False
2026-03-26 11:00:54,M09,Running,1659,14,False
2025-11-02 14:20:27,M07,Running,2036,4,False
2026-06-22 11:43:53,M02,Running,2200,9,False
2026-07-14 11:40:39,M06,Running,1543,15,False
2025-11-09 05:14:01,M05,Running,2434,4,False
2025-12-16 07:55:32,M02,Running,1255,7,False
2026-06-07 11:10:00,M02,Running,2291,15,False
2025-10-07 00:49:59,M08,Running,1514,12,False
2026-06-13 00:13:16,M05,Running,2044,2,False
2026-07-26 11:05:10,M03,Running,2339,7,False
2026-03-30 04:28:48,M09,Running,1624,8,False
2025-08-11 19:57:28,M05,Running,1851,12,False
2025-11-26 09:55:02,M03,Running,1962,12,False
2026-07-10 02:27:12,M06,Running,1310,11,False
2025-10-05 22:07:05,M08,Running,1524,13,False
2025-09-30 05:08:35,M05,Running,1676,9,False
2026-03-08 12:42:05,M04,Running,978,5,False
2025-11-16 01:47:42,M06,Idle,2099,2,False
2026-06-16 20:13:00,M04,Idle,1138,10,False
2025-10-17 11:57:34,M05,Running,1809,13,False
2025-09-22 10:06:59,M07,Running,2296,3,False
2026-04-24 11:01:56,M09,Running,2186,15,False
2026-07-13 05:24:29,M02,Running,2062,4,False
2025-08-20 17:49:01,M01,Running,2238,9,False
2025-09-30 22:01:25,M04,Maintenance,2154,15,False
2025-08-16 12:02:12,M09,Running,886,10,False
2025-12-27 20:35:19,M03,Running,2364,9,False
2026-06-13 12:43:09,M03,Running,1073,9,False
2026-06-12 22:14:35,M01,Running,1576,3,False
2025-11-11 03:12:42,M02,Running,2190,4,False
2026-03-27 10:02:08,M02,Running,1789,5,False
2025-12-14 11:17:50,M01,Running,1964,7,False
2025-08-16 20:37:08,M05,Idle,2116,9,False
2025-10-17 09:37:15,M01,Idle,2065,14,False
2025-11-21 18:55:59,M06,Running,1742,6,False
2025-08-31 01:55:22,M02,Running,2279,3,False
2025-09-28 23:00:13,M01,Running,1807,4,False
2026-05-25 18:50:31,M09,Idle,1641,2,False
2026-01-21 05:09:55,M01,Running,2144,5,False
2026-03-03 01:00:04,M07,Running,1546,7,False
2025-09-23 20:49:00,M09,Idle,1022,8,False
2026-05-27 07:37:57,M08,Running,1524,12,False
2025-09-04 09:55:56,M06,Idle,2252,4,False
2026-02-11 16:27:45,M05,Running,1608,7,False
2026-01-31 19:45:23,M01,Running,1207,8,False
2026-06-08 21:10:22,M05,Running,1801,9,False
2025-12-29 07:58:35,M03,Running,2365,13,False
2026-02-26 01:15:11,M09,Running,2319,14,False
2026-03-29 06:53:49,M03,Running,1020,13,True
2025-09-22 01:59:08,M03,Running,827,13,False
2026-02-02 06:31:28,M01,Running,1500,7,False
2026-02-22 09:38:44,M01,Running,1392,5,False
2025-11-04 18:31:19,M07,Running,1112,12,False
2026-04-06 14:44:23,M04,Running,1035,14,False
2025-08-27 13:43:12,M04,Running,1678,4,False
2026-05-20 03:55:28,M02,Running,1828,10,False
2026-06-10 21:43:59,M10,Running,1104,4,False
2026-07-29 15:42:29,M07,Running,1193,15,False
2026-07-13 10:22:34,M01,Running,986,14,False
2026-04-23 14:57:01,M07,Running,2233,11,False
2026-03-01 05:48:22,M04,Running,1781,1,False
2025-12-05 20:55:37,M01,Running,1351,6,False
2026-02-04 14:47:39,M06,Running,1305,6,False
2026-04-17 13:53:54,M03,Running,906,11,False
2025-08-22 19:52:25,M04,Running,1373,15,False
2025-09-03 08:27:44,M07,Running,1806,6,False
2026-02-12 17:57:48,M02,Running,827,11,False
2026-07-05 18:55:24,M03,Running,2318,13,False
2026-01-13 16:52:21,M10,Running,1561,4,False
2026-01-23 06:41:12,M04,Running,978,15,False
2026-05-04 04:25:14,M10,Running,2001,15,False
2025-09-21 15:48:20,M04,Running,1712,15,False
2026-02-17 03:09:55,M09,Running,1417,12,False
2026-05-14 09:35:24,M04,Running,1114,1,False
2026-07-30 00:33:17,M07,Running,1317,15,False
2026-01-29 23:49:45,M09,Maintenance,1549,8,False
2025-09-08 06:30:42,M02,Idle,938,8,False
2026-07-25 23:18:08,M09,Running,1141,10,False
2025-09-11 02:33:01,M03,Running,1959,1,False
2025-12-13 19:49:42,M04,Running,1614,8,False
2026-04-03 23:16:17,M09,Maintenance,1138,8,False
2025-10-07 08:06:00,M07,Running,1599,7,False
2025-09-05 05:43:53,M04,Running,1127,10,False
2025-09-28 17:43:10,M01,Idle,2419,9,False
2025-11-25 12:51:48,M09,Running,1251,5,False
2026-04-10 04:35:21,M09,Running,1258,1,False
2026-04-13 14:13:52,M05,Running,1103,15,False
2026-03-26 01:31:22,M03,Running,2419,1,False
2026-03-11 16:34:51,M04,Maintenance,1230,9,False
2026-05-14 07:16:25,M06,Running,1555,6,False
2025-12-15 00:28:35,M09,Running,1073,7,False
2026-01-05 15:48:53,M05,Running,917,11,False
2026-03-30 17:37:27,M06,Running,1372,3,False
2026-03-04 18:40:36,M01,Running,2393,13,False
2025-12-03 06:10:29,M07,Idle,1327,14,False
2026-02-02 22:27:46,M10,Running,2472,8,False
2026-02-23 01:36:22,M05,Running,2089,13,False
2026-04-02 20:30:55,M07,Running,1274,12,False
2026-01-24 19:16:37,M06,Running,1781,2,False
2025-09-18 05:56:19,M08,Running,1160,4,False
2026-06-14 17:43:11,M03,Running,843,5,False
2026-05-10 06:35:12,M03,Idle,2207,10,False
2025-09-24 03:56:42,M03,Running,1302,8,False
2026-07-07 22:07:58,M07,Running,1878,3,False
2026-04-21 23:53:44,M01,Running,1573,7,True
2026-04-20 12:30:41,M01,Running,2119,15,True
2026-07-17 14:20:36,M04,Running,1348,3,False
2026-06-05 08:46:50,M10,Running,819,13,False
2026-03-12 20:20:43,M06,Idle,974,4,False
2026-05-17 16:14:36,M10,Idle,2470,3,False
2026-07-12 20:30:06,M08,Running,914,9,False
2025-11-02 05:41:19,M09,Running,2489,1,False
2026-01-24 18:04:15,M05,Running,1650,3,True
2026-02-02 02:19:31,M04,Running,1674,7,False
2026-07-21 15:08:12,M05,Running,2201,7,False
2025-11-07 11:14:35,M02,Running,1025,4,False
2026-01-18 10:33:02,M05,Running,2060,6,False
2025-12-20 08:36:00,M02,Idle,2038,3,False
2026-06-28 01:38:05,M09,Running,1171,11,False
2026-02-02 20:26:41,M05,Running,1387,6,False
2026-01-12 13:57:47,M05,Idle,2155,6,False
2026-01-19 06:49:59,M02,Running,1104,13,False
2026-05-21 02:00:36,M06,Running,1714,12,False
2025-09-16 15:47:34,M08,Idle,1031,10,False
2025-12-10 02:41:25,M05,Running,1461,3,False
2026-01-23 11:15:26,M07,Running,1812,7,False
2025-12-10 02:27:33,M07,Running,2103,6,False
2026-04-26 00:46:59,M04,Running,1925,8,False
2025-11-17 17:16:25,M08,Running,2482,4,False
2026-01-03 02:16:01,M10,Running,1879,10,False
2025-10-09 00:13:35,M04,Running,1281,6,True
2026-05-04 11:09:52,M01,Running,1770,3,False
2026-08-04 04:22:21,M01,Idle,1539,14,False
2026-02-10 22:01:32,M03,Running,1095,14,False
2025-09-05 19:15:23,M07,Running,2495,4,False
2025-09-15 03:48:18,M03,Running,2224,12,False
2026-06-29 18:12:16,M01,Running,1669,6,False
2025-09-12 21:10:55,M02,Running,951,8,False
2025-09-15 22:29:46,M03,Running,1548,3,False
2026-01-25 10:54:34,M02,Running,2466,7,False
2025-09-17 05:34:27,M03,Running,1086,12,False
2026-05-26 21:36:02,M05,Running,2279,6,False
2026-05-24 15:36:23,M01,Running,1119,1,False
2026-01-02 10:50:56,M01,Running,1155,9,False
2026-06-21 23:46:00,M07,Idle,2192,15,False
2025-09-30 06:17:33,M05,Idle,1827,5,False
2026-03-14 19:16:47,M07,Idle,1356,2,False
2025-09-03 00:35:30,M03,Running,1620,10,False
2026-03-26 11:46:45,M07,Running,2327,9,False
2026-03-16 19:53:36,M02,Idle,1759,8,False
2026-03-16 20:47:49,M07,Idle,1137,1,False
2025-12-16 18:03:06,M07,Running,1022,2,False
2026-04-27 22:30:17,M10,Running,1487,1,False
2025-09-27 04:48:24,M03,Running,933,4,False
2026-01-17 06:32:33,M05,Running,1213,11,False
2025-12-26 01:18:05,M04,Running,1967,10,True
2026-07-16 00:08:22,M08,Running,1444,2,False
2026-04-26 02:57:06,M01,Maintenance,2339,5,False
2026-05-29 02:41:04,M09,Running,2339,7,False
2026-01-21 23:35:08,M03,Running,999,6,False
2026-07-13 20:44:01,M09,Running,2453,13,False
2026-08-01 09:48:37,M10,Running,1776,10,False
2026-05-17 18:18:04,M01,Running,1110,11,False
2025-08-30 17:02:26,M02,Maintenance,1274,15,False
2025-11-30 10:25:44,M03,Running,1129,9,False
2026-03-31 21:45:22,M10,Running,2374,6,False
2025-12-10 01:45:48,M03,Running,1537,10,False
2025-12-25 07:06:31,M07,Running,2259,13,False
2025-09-19 23:09:21,M04,Running,2050,10,False
2026-03-23 04:07:10,M03,Running,1818,2,False
2026-02-23 18:57:22,M03,Running,1433,9,False
2025-11-01 08:23:52,M02,Running,1731,6,False
2025-10-09 19:43:06,M05,Running,1373,10,False
2026-04-22 18:45:16,M02,Running,2255,13,False
2026-02-13 23:51:34,M08,Maintenance,2362,15,False
2025-11-05 19:38:32,M03,Idle,1964,8,True
2026-07-05 18:42:09,M05,Running,2069,15,False
2025-09-21 18:11:49,M08,Running,2079,6,False
2025-12-24 16:49:39,M07,Running,1338,15,False
2026-07-05 00:58:47,M01,Running,2118,1,False
2026-03-14 18:17:55,M04,Running,1948,1,False
2025-12-31 11:26:45,M02,Running,1124,10,False
2025-09-24 08:20:14,M02,Running,1746,11,False
2026-06-02 21:31:41,M08,Running,1895,15,False
2025-11-26 21:58:21,M02,Running,2298,2,False
2026-03-21 16:31:42,M07,Running,1208,7,False
2025-11-06 13:29:02,M06,Running,2037,8,False
2026-06-20 05:22:37,M08,Running,1730,1,False
2026-01-24 09:08:46,M08,Running,1237,6,False
2026-07-04 22:56:44,M10,Running,927,15,False
2026-03-16 14:06:28,M07,Maintenance,1237,1,False
2026-06-04 18:31:05,M01,Maintenance,2200,7,False
2026-06-24 13:49:11,M03,Running,941,5,False
2026-04-09 04:24:52,M05,Idle,1724,14,False
2026-04-06 00:26:45,M04,Running,1331,3,False
2026-04-29 20:46:03,M02,Idle,1677,6,False
2026-04-17 07:55:08,M05,Running,1515,7,False
2026-03-14 22:43:09,M09,Running,1129,12,False
2025-08-20 22:13:55,M10,Running,820,9,False
2026-04-04 05:46:21,M10,Running,2280,11,False
2026-08-06 13:13:18,M03,Running,2486,12,False
2026-04-23 04:57:36,M06,Running,1739,15,False
2026-06-28 20:39:48,M06,Running,2180,7,False
2026-05-07 01:08:54,M01,Maintenance,1057,11,False
2025-11-22 14:19:19,M10,Running,1247,12,False
2025-08-21 23:23:30,M07,Running,2385,3,False
2025-10-19 19:07:41,M04,Running,1191,11,False
2025-11-24 20:35:35,M01,Running,1545,1,False
2026-05-10 15:09:21,M05,Running,1055,12,False
2026-06-02 19:42:01,M08,Running,1520,6,False
2025-12-08 17:28:28,M07,Running,2366,6,False
2026-08-03 14:52:51,M03,Running,1564,3,False
2025-12-20 16:55:26,M03,Running,1581,5,False
2025-12-25 01:18:14,M07,Running,2237,10,False
2025-08-13 02:26:19,M02,Maintenance,2450,14,False
2025-10-20 04:21:03,M01,Running,1642,2,False
2026-07-14 13:14:12,M10,Idle,1004,11,False
2025-10-05 08:43:45,M10,Idle,2167,5,False
2026-03-18 16:01:25,M04,Running,1731,9,False
2026-04-23 00:25:28,M04,Idle,1054,6,False
2026-01-13 09:06:34,M08,Running,2480,11,False
2025-09-06 18:06:42,M07,Running,1567,13,False
2025-10-04 19:53:46,M05,Running,2148,5,False
2026-05-25 11:51:38,M07,Running,808,15,False
2026-04-13 15:07:10,M01,Running,1114,13,False
2025-08-22 15:16:24,M09,Idle,2028,6,False
2025-09-15 08:46:19,M10,Maintenance,1295,9,False
2026-05-27 11:47:39,M04,Running,1605,14,False
2026-03-04 17:59:08,M10,Running,2103,7,False
2025-11-02 06:42:44,M03,Running,1451,9,False
2026-01-03 19:54:52,M04,Running,2440,3,False
2026-01-20 18:39:03,M10,Running,2360,11,False
2026-02-02 21:48:49,M09,Running,1460,4,False
2025-12-21 02:54:34,M01,Running,2087,13,False
2025-10-10 20:41:21,M01,Running,1913,15,False
2026-01-01 10:40:24,M10,Running,2320,12,False
2025-12-09 18:11:57,M08,Running,2392,6,False
2026-05-17 23:17:25,M04,Running,1896,14,False
2025-12-14 16:59:46,M07,Running,2150,1,False
2026-06-08 10:09:40,M03,Running,2107,10,False
2026-03-19 03:53:02,M02,Running,2020,2,False
2026-03-30 06:44:13,M05,Running,1169,2,False
2025-09-12 17:23:08,M06,Idle,1225,7,False
2026-07-19 18:52:28,M01,Running,1796,11,False
2025-08-31 03:52:42,M07,Running,1442,11,False
2025-10-10 03:38:18,M03,Running,820,15,False
2025-10-10 20:41:42,M10,Running,864,2,False
2026-05-30 17:22:50,M06,Running,2057,10,False
2026-04-07 16:11:52,M03,Running,1321,15,False
2025-08-30 01:20:55,M10,Running,847,9,False
2026-04-29 11:22:20,M03,Running,1547,2,False
2025-09-11 09:55:24,M01,Running,1250,2,False
2025-11-24 09:42:39,M03,Running,1786,4,False
2026-01-29 19:38:27,M06,Running,2135,5,False
2026-04-24 19:14:39,M08,Running,1619,15,False
2026-01-22 09:37:57,M03,Running,2269,5,False
2026-02-15 08:13:25,M02,Running,2369,10,False
2026-04-03 11:53:13,M04,Maintenance,1799,7,False
2026-01-29 09:40:44,M07,Running,1356,14,False
2026-01-18 14:00:03,M02,Running,1679,4,False
2025-11-24 19:37:41,M06,Idle,2478,2,False
2025-11-02 10:46:37,M01,Maintenance,1318,10,False
2026-05-30 22:06:31,M10,Idle,2121,9,False
2026-02-25 16:56:32,M01,Running,2456,6,False
2025-09-23 22:23:04,M03,Running,948,4,False
2025-12-22 18:46:22,M06,Running,1443,2,True
2026-01-24 16:36:50,M01,Running,1237,8,False
2025-09-22 19:05:46,M06,Idle,1950,2,False
2025-11-28 17:34:37,M10,Running,1245,2,False
2026-05-01 02:58:39,M10,Idle,2453,14,False
2026-05-01 05:28:43,M10,Idle,1663,11,False
2026-03-29 01:56:25,M06,Idle,1205,4,True
2026-02-15 17:16:28,M08,Running,1362,7,False
2026-03-03 08:54:37,M08,Running,1469,10,False
2026-04-26 19:39:17,M10,Running,836,11,False
2025-12-08 12:12:20,M10,Maintenance,1745,5,False
2025-08-28 08:50:56,M07,Running,1892,15,False
2025-11-04 08:54:33,M06,Running,942,8,False
2026-01-11 05:39:01,M07,Running,1362,6,False
2026-03-31 11:38:31,M07,Running,2386,6,False
2025-09-01 00:08:00,M01,Running,2226,8,False
2025-08-13 17:10:38,M02,Idle,2065,2,True
2025-10-29 02:53:24,M01,Idle,1084,2,False
2025-12-05 18:57:38,M07,Running,980,4,False
2025-10-31 18:22:19,M06,Idle,1900,1,False
2026-06-04 17:44:40,M01,Running,2407,1,False
2025-10-03 00:38:58,M05,Running,1474,12,False
2026-06-03 12:01:27,M07,Running,1148,15,False
2025-11-17 23:08:34,M08,Running,1453,14,False
2025-12-01 03:22:17,M10,Idle,1646,11,False
2025-12-16 03:51:02,M02,Running,1292,10,False
2025-09-26 07:51:49,M08,Maintenance,1459,13,False
2025-08-13 17:34:35,M04,Running,2369,5,False
2026-02-19 21:29:45,M06,Running,1296,11,False
2026-05-27 20:12:17,M04,Running,953,8,False
2026-01-24 23:31:27,M01,Running,1758,14,False
2025-10-17 23:07:22,M08,Running,1227,14,False
2025-09-29 21:37:35,M09,Running,1441,13,False
2026-01-05 09:19:07,M08,Running,1833,2,False
2026-03-05 13:33:21,M04,Idle,1589,8,False
2026-05-11 00:13:12,M09,Running,1619,4,False
2025-11-08 02:18:57,M07,Running,1429,14,False
2026-02-21 00:18:41,M02,Running,1019,12,False
2026-03-15 17:12:34,M01,Idle,1183,5,True
2026-06-30 08:57:09,M09,Running,1343,2,False
2026-04-27 04:11:19,M02,Running,1234,3,False
2026-06-19 19:51:32,M07,Running,908,8,False
2025-12-26 06:36:21,M02,Running,1583,12,False
2025-09-07 17:19:15,M04,Running,1624,3,False
2026-01-11 22:30:00,M09,Running,1862,7,False
2026-07-11 09:45:16,M01,Running,1027,4,False
2026-05-25 21:51:18,M01,Running,1288,2,False
2025-08-27 03:48:51,M05,Running,2070,12,False
2026-01-27 03:23:23,M07,Running,1250,12,False
2025-08-18 00:12:44,M05,Running,1150,13,False
2026-02-05 06:44:55,M05,Running,1389,12,True
2026-08-03 11:23:05,M03,Running,2234,10,False
2025-09-09 23:15:38,M05,Idle,2208,4,False
2026-07-11 12:58:34,M02,Running,1480,15,False
2025-12-10 07:27:54,M01,Running,1676,6,True
2026-03-22 07:59:34,M05,Idle,1149,11,False
2026-01-24 10:44:53,M01,Running,1770,10,True
2026-03-21 10:00:03,M04,Running,892,14,True
2026-01-14 19:01:23,M05,Idle,1875,9,False
2026-05-13 06:32:17,M03,Running,1004,5,False
2026-04-16 08:04:53,M06,Running,2304,6,False
2026-01-19 22:43:06,M05,Running,1319,6,False
2025-12-01 04:00:21,M06,Running,1483,15,False
2025-09-24 11:01:20,M10,Running,1352,11,False
2026-01-15 00:42:12,M01,Running,1640,14,False
2025-08-18 19:55:32,M03,Running,863,4,False
2025-12-14 20:35:14,M07,Running,2324,2,False
2025-10-16 11:30:09,M07,Running,1360,15,False
2026-06-17 22:23:32,M09,Idle,1720,15,False
2026-04-07 18:52:25,M05,Idle,1514,15,False
2026-02-05 09:56:33,M10,Running,1365,5,False
2026-06-29 20:34:19,M10,Running,1503,14,False
2026-05-05 13:09:36,M07,Running,1960,13,False
2026-08-02 22:24:14,M05,Running,817,8,False
2025-12-29 06:14:24,M03,Running,1107,9,False
2025-09-13 22:57:31,M10,Running,1133,5,False
2026-01-27 07:58:38,M02,Running,831,8,True
2026-07-04 16:41:36,M05,Idle,1052,1,False
2025-09-20 20:14:40,M01,Running,2152,14,True
2025-11-13 05:24:09,M05,Running,1380,13,False
2026-01-26 22:19:41,M09,Running,976,12,False
2026-03-27 10:12:24,M04,Running,965,5,False
2026-01-13 05:59:29,M08,Idle,1309,13,False
2026-03-02 05:12:48,M07,Running,1000,15,False
2025-09-10 06:34:21,M05,Running,1154,10,False
2026-01-11 10:20:29,M06,Idle,1085,11,False
2026-07-14 19:24:15,M05,Running,1935,4,False
2025-12-09 05:29:49,M02,Running,2086,8,False
2026-05-27 08:56:00,M07,Running,1694,2,False
2025-12-20 14:01:18,M08,Running,1831,15,False
2025-11-04 18:43:47,M06,Running,1675,8,False
2025-12-18 01:57:11,M07,Running,1944,1,False
2026-06-09 07:26:00,M07,Running,1087,10,False
2025-10-15 00:38:20,M04,Running,1564,3,False
2025-09-09 09:26:09,M10,Idle,909,13,False
2026-02-24 23:34:39,M03,Running,812,8,False
2026-04-13 15:36:37,M09,Running,911,2,False
2025-09-24 00:20:02,M02,Running,999,14,False
2026-03-04 19:07:26,M08,Running,924,2,False
2026-02-24 18:37:34,M09,Running,908,12,False
2025-10-25 00:50:31,M03,Running,1814,3,False
2026-07-28 13:20:25,M03,Running,1436,12,False
2026-06-08 04:30:00,M01,Idle,2077,12,False
2025-12-24 09:56:31,M02,Running,2036,15,False
2025-12-25 02:00:55,M02,Running,1012,8,True
2026-05-20 05:11:35,M09,Running,913,15,False
2026-06-24 18:40:58,M07,Running,1176,14,False
2026-04-18 09:29:35,M09,Running,2054,11,False
2026-06-23 06:13:26,M10,Running,1099,11,True
2025-10-07 02:05:51,M03,Idle,2146,4,False
2025-11-10 11:42:50,M09,Running,1783,5,False
2025-09-19 15:44:10,M02,Maintenance,1809,6,False
2025-10-06 14:29:15,M07,Running,2438,2,False
2025-11-18 03:19:31,M07,Running,1380,8,False
2025-10-26 08:14:06,M07,Running,1420,1,False
2025-10-17 02:39:24,M10,Running,1526,3,False
2026-04-01 16:17:38,M08,Running,1124,6,False
2025-10-09 02:22:41,M09,Running,2246,9,False
2026-06-01 23:14:55,M02,Running,1110,6,False
2026-06-01 13:20:29,M10,Running,2264,14,False
2026-04-22 07:18:55,M05,Running,2148,5,False
2025-09-08 23:52:19,M02,Idle,2121,8,False
2025-10-18 12:39:00,M08,Running,1169,10,False
2026-06-06 20:59:41,M09,Running,1876,5,False
2026-04-11 14:26:07,M06,Running,1989,6,False
2026-02-18 15:01:59,M07,Running,860,14,False
2026-02-06 21:53:04,M04,Running,1017,8,False
2026-05-30 17:28:24,M08,Running,1274,13,False
2026-03-17 15:55:26,M04,Running,1156,12,False
2026-06-01 20:05:49,M07,Idle,926,10,False
2026-03-23 18:33:45,M01,Idle,949,8,False
2026-02-01 01:37:43,M10,Running,860,15,False
2026-05-02 06:09:09,M02,Running,1573,3,False
2026-08-04 15:16:14,M10,Running,1200,5,False
2026-07-19 06:48:47,M05,Running,2319,3,False
2026-03-17 22:58:24,M09,Idle,1193,2,False
2026-04-17 10:38:48,M02,Running,2458,3,False
2026-04-14 10:56:17,M06,Running,1963,9,False
2026-04-10 06:29:36,M06,Running,2294,15,False
2025-12-14 06:02:51,M09,Running,1224,10,False
2026-07-12 08:53:35,M09,Running,2066,15,False
2026-04-11 07:37:06,M03,Idle,1698,7,False
2025-12-11 12:09:24,M02,Running,1060,13,False
2025-10-08 08:33:12,M02,Running,1272,1,False
2026-01-28 12:24:54,M06,Running,2482,5,False
2025-09-06 06:00:09,M05,Running,1532,2,False
2026-02-08 20:11:23,M03,Maintenance,953,9,False
2026-01-29 11:12:23,M09,Idle,1824,5,False
2026-04-12 22:27:52,M01,Running,1027,10,False
2025-12-06 08:01:10,M05,Running,866,6,False
2026-06-15 23:51:33,M04,Running,2366,1,False
2025-11-25 09:40:21,M09,Idle,1475,15,False
2026-03-28 09:57:37,M01,Running,949,13,False
2025-09-01 13:05:26,M10,Running,2367,13,True
2025-12-25 09:52:04,M02,Idle,2025,12,False
2026-02-23 18:15:04,M02,Idle,1780,3,False
2025-09-08 13:02:08,M01,Running,1817,9,False
2025-12-09 06:44:22,M06,Running,1421,13,False
2026-02-06 01:16:49,M04,Running,913,1,False
2026-02-02 05:40:16,M04,Running,1576,11,False
2025-08-25 08:03:12,M01,Running,906,7,False
2025-09-01 19:46:56,M03,Running,1674,9,False
2025-12-31 22:24:43,M08,Running,2060,15,False
2026-06-29 17:30:11,M04,Running,918,4,False
2025-11-30 05:16:49,M10,Running,1645,12,False
2025-09-09 12:42:48,M09,Running,2442,1,False
2026-04-18 02:15:20,M04,Idle,956,1,False
2026-07-12 08:55:21,M03,Running,1443,6,False
2026-07-08 21:26:26,M04,Maintenance,1065,10,False
2025-09-14 19:09:10,M02,Running,956,5,False
2026-04-06 13:49:20,M04,Running,2305,14,False
2026-03-29 10:45:13,M04,Running,1419,6,False
2026-02-23 15:44:35,M05,Idle,1300,9,False
2026-01-07 01:09:54,M06,Running,1831,2,False
2026-02-06 10:18:49,M07,Running,2073,8,False
2026-03-24 02:35:26,M04,Idle,1866,4,False
2026-03-14 00:07:53,M09,Running,1562,12,False
2026-06-14 05:48:19,M03,Running,1281,12,False
2026-05-24 16:46:18,M08,Maintenance,843,8,False
2026-07-24 15:42:19,M05,Running,1586,5,False
2025-08-26 15:53:16,M02,Running,2048,7,False
2026-02-01 09:21:01,M07,Running,890,4,False
2026-07-29 18:29:17,M03,Running,1890,1,False
2026-06-21 05:33:36,M01,Running,1512,15,True
2026-03-20 17:45:18,M10,Running,1488,15,False
2026-04-20 21:05:38,M05,Idle,2010,4,False
2025-10-22 20:02:51,M06,Running,2072,7,False
2025-12-13 14:22:30,M01,Idle,1933,7,False
2026-04-02 16:35:30,M05,Idle,1895,8,False
2026-02-11 10:42:44,M10,Running,1332,3,False
2026-02-21 10:36:38,M08,Running,1287,3,False
2025-10-08 07:39:20,M05,Running,1361,2,False
2025-09-03 18:13:59,M09,Running,1969,7,True
2026-02-01 16:42:30,M05,Running,2150,5,False
2025-09-19 22:14:09,M10,Running,1428,10,False
2026-06-21 16:17:13,M05,Idle,1708,8,True
2026-07-25 21:59:53,M01,Running,1534,8,False
2026-07-01 22:26:58,M09,Running,919,10,False
2025-12-22 02:36:02,M05,Idle,1929,6,False
2026-05-15 03:25:55,M08,Running,2368,13,False
2025-09-12 11:31:59,M08,Running,2090,3,False
2026-02-22 16:15:58,M10,Running,1276,2,False
2026-04-18 15:52:10,M03,Running,1701,10,False
2025-10-16 17:53:39,M09,Running,924,12,False
2025-08-25 22:21:34,M05,Running,1523,9,False
2025-11-14 22:40:02,M10,Running,1023,2,False
2026-05-12 13:02:27,M02,Running,1285,4,False
2026-01-27 17:43:53,M06,Idle,2194,7,False
2026-01-28 09:14:11,M07,Idle,1093,1,False
2026-03-02 06:12:05,M06,Running,1635,15,False
2026-03-01 17:53:36,M08,Idle,1402,10,True
2026-04-04 13:19:37,M06,Running,1107,15,False
2025-10-11 09:09:01,M02,Running,2454,6,False
2025-12-30 01:18:12,M09,Running,2259,6,False
2026-01-02 12:45:39,M07,Idle,866,11,False
2026-08-02 05:19:10,M07,Running,2129,2,False
2025-11-28 14:17:16,M04,Running,1976,11,False
2026-01-08 04:30:45,M07,Running,1048,14,False
2026-01-16 11:32:07,M01,Running,2150,9,False
2026-06-07 12:03:49,M06,Running,1978,5,False
2025-12-20 03:20:20,M06,Running,2372,6,False
2026-05-01 09:18:50,M06,Running,1036,12,False
2026-03-30 22:13:43,M07,Running,1520,9,False
2025-08-31 01:36:38,M06,Running,2039,4,False
2026-06-13 05:39:24,M07,Running,2495,14,False
2026-04-12 17:49:03,M09,Running,1634,11,False
2026-04-19 02:51:06,M03,Running,2429,5,False
2025-12-18 16:41:11,M02,Running,1662,9,False
2025-09-05 07:52:17,M10,Running,2382,4,False
2025-12-16 18:28:09,M08,Running,1047,7,False
2025-09-16 10:23:16,M09,Running,1762,12,False
2026-03-15 10:07:21,M01,Idle,849,12,False
2026-05-01 04:28:56,M02,Running,1884,15,False
2026-01-07 20:34:05,M07,Running,1623,12,False
2025-11-29 01:58:13,M05,Running,2489,15,False
2025-11-16 14:17:58,M10,Running,2279,1,False
2026-05-18 19:12:54,M06,Idle,1637,11,False
2026-07-07 10:42:05,M07,Running,1777,12,False
2026-04-22 17:08:57,M03,Running,2007,15,False
2026-07-28 17:15:17,M09,Running,815,10,False
2026-04-01 19:06:26,M08,Running,1698,3,False
2026-07-15 21:05:06,M10,Running,2383,2,False
2025-10-08 03:06:34,M08,Running,1955,9,False
2025-12-18 04:41:16,M10,Running,1673,5,False
2025-09-11 09:10:55,M06,Running,1093,1,False
2026-03-25 01:03:16,M04,Running,1369,10,False
2026-04-25 10:50:30,M06,Running,1383,3,False
2025-10-04 15:44:11,M05,Running,1258,15,False
2026-08-01 18:13:29,M05,Maintenance,2343,2,False
2025-12-24 14:05:40,M05,Running,1223,9,False
2025-12-09 05:05:52,M03,Running,881,15,False
2026-04-22 12:24:06,M04,Running,2484,1,False
2026-05-08 23:50:01,M05,Idle,1969,7,False
2026-04-24 21:04:32,M09,Running,1729,5,False
2026-01-09 22:50:30,M02,Running,1685,8,False
2025-09-29 19:26:42,M03,Maintenance,2298,11,False
2026-03-29 19:42:53,M06,Idle,2324,13,False
2026-05-13 00:20:25,M02,Running,1838,6,False
2026-08-10 00:20:34,M09,Running,951,12,False
2025-09-12 15:10:01,M01,Running,2244,13,False
2025-12-08 23:02:27,M04,Idle,2153,14,False
2026-03-15 19:03:35,M01,Idle,2084,1,False
2026-01-04 00:26:03,M10,Running,1250,11,False
2026-04-17 15:19:13,M08,Running,2466,3,False
2026-06-14 04:21:10,M05,Running,2100,15,False
2025-12-16 07:09:07,M09,Idle,2334,4,True
2026-06-22 12:57:36,M02,Running,2051,4,False
2025-09-29 08:39:10,M01,Running,1338,10,False
2026-04-27 23:27:58,M10,Running,1514,8,False
2026-05-10 16:23:13,M03,Idle,1274,15,False
2026-06-28 15:59:10,M08,Running,2090,7,False
2026-05-24 15:24:27,M09,Running,997,4,False
2026-05-03 22:03:15,M05,Running,1715,6,False
2026-07-31 02:09:36,M07,Running,1751,6,False
2026-03-03 03:52:12,M06,Running,2243,3,False
2025-09-16 00:34:24,M08,Idle,1801,10,False
2026-04-18 14:54:58,M04,Running,1348,9,False
2026-04-28 02:37:54,M07,Running,2380,6,False
2026-01-22 03:57:43,M06,Running,2456,8,False
2026-02-24 04:59:05,M05,Idle,1349,8,False
2025-12-29 06:00:39,M06,Running,893,5,False
2025-08-17 19:26:58,M04,Running,1141,9,False
2025-12-29 13:11:01,M02,Idle,2056,10,False
2025-12-08 16:22:08,M10,Running,2279,1,False
2025-10-19 17:42:02,M02,Running,1482,15,False
2025-11-01 21:56:56,M09,Running,900,9,False
2025-12-21 10:42:17,M09,Running,1121,14,False
2026-06-04 06:37:19,M04,Running,1130,15,False
2026-02-15 13:54:07,M07,Running,2301,4,False
2025-10-24 07:08:49,M01,Idle,2346,9,False
2025-11-06 17:03:46,M07,Running,886,3,False
2025-10-03 03:43:50,M01,Running,2381,12,False
2025-10-09 21:43:20,M05,Running,2465,13,False
2025-09-09 16:45:33,M07,Running,2316,15,False
2025-12-03 14:30:38,M02,Running,1833,12,False
2026-07-04 16:10:17,M07,Running,2320,14,False
2026-06-12 19:20:27,M03,Running,2004,13,False
2025-09-19 00:13:43,M10,Idle,2407,6,False
2026-02-23 21:32:22,M01,Running,1739,4,False
2026-06-06 02:36:06,M10,Running,1396,7,False
2026-03-08 08:33:24,M07,Running,1789,5,False
2026-07-01 01:24:34,M09,Running,1583,1,False
2026-05-24 14:11:22,M07,Maintenance,2362,9,False
2026-07-19 22:02:36,M08,Running,850,7,False
2026-03-03 05:09:32,M08,Running,1953,2,False
2025-08-25 09:21:38,M06,Running,2090,2,False
2026-04-24 19:09:22,M03,Running,1803,10,False
2025-12-19 12:24:00,M03,Running,1769,9,False
2026-07-17 02:06:04,M10,Running,920,13,False
2026-06-04 08:01:59,M07,Running,1491,14,False
2026-04-07 17:59:57,M06,Running,2026,7,False
2025-09-30 14:59:39,M05,Running,2346,9,False
2026-03-30 16:16:08,M09,Running,2135,4,False
2026-01-04 00:48:44,M08,Running,2314,12,False
2025-10-09 15:16:06,M02,Running,958,7,False
2025-10-12 17:46:56,M01,Running,2332,2,False
2025-10-19 23:08:06,M08,Idle,1032,1,False
2026-06-29 14:13:34,M08,Running,2444,9,False
2026-05-06 19:19:04,M09,Running,818,5,False
2026-06-06 04:40:52,M05,Running,2185,5,False
2026-04-10 08:31:54,M10,Idle,1954,11,False
2026-06-20 22:21:45,M05,Running,1218,13,False
2026-07-27 06:53:31,M06,Running,1314,8,False
2025-10-14 00:27:55,M06,Idle,2274,14,False
2026-05-17 19:26:28,M03,Running,2498,8,True
2026-01-27 16:56:25,M07,Running,1763,2,False
2025-08-27 16:46:17,M01,Running,1184,4,False
2026-01-17 07:00:30,M09,Running,993,1,False
2025-12-30 05:02:42,M10,Running,1517,11,False
2026-04-30 09:41:16,M04,Running,828,15,False
2026-05-17 04:33:11,M05,Idle,1672,10,False
2025-11-10 23:28:13,M06,Running,1625,15,False
2026-01-30 05:45:38,M09,Running,1214,2,False
2026-04-04 20:41:25,M02,Running,1373,3,False
2025-11-29 09:14:57,M02,Running,1869,10,False
2026-05-29 22:19:21,M07,Running,2381,14,False
2026-05-28 10:23:40,M05,Maintenance,2309,14,False
2026-06-11 03:04:38,M08,Running,805,13,False
2026-02-01 01:50:25,M04,Running,2445,10,False
2025-11-09 14:35:38,M03,Running,800,6,False
2026-03-06 02:52:23,M01,Running,2453,8,False
2025-11-11 14:44:26,M08,Running,1824,13,False
2025-12-08 21:58:42,M09,Running,2384,7,False
2026-06-20 18:26:57,M06,Running,1869,6,False
2026-06-11 08:23:20,M10,Idle,1140,11,False
2026-02-08 21:04:15,M03,Idle,1947,8,False
2026-07-27 19:10:48,M05,Running,1942,15,False
2026-07-01 01:20:58,M06,Running,1548,14,False
2025-10-25 01:53:25,M06,Running,1237,10,False
2025-12-31 14:03:17,M04,Running,1166,15,False
2026-05-01 03:48:23,M01,Running,1539,9,False
2026-03-20 06:13:21,M10,Running,992,15,False
2026-01-28 20:11:38,M05,Running,826,10,False
2026-02-06 00:41:52,M05,Running,1615,1,False
2026-06-05 13:12:56,M05,Running,917,10,False
2025-11-28 03:49:53,M08,Maintenance,2094,8,False
2026-06-08 22:10:13,M08,Running,2126,13,False
2026-01-06 00:50:15,M02,Running,859,10,False
2026-02-22 00:57:31,M03,Running,1162,14,False
2026-03-03 13:48:36,M02,Running,1044,1,False
2026-01-20 07:43:49,M01,Running,1914,5,False
2025-10-12 16:01:12,M04,Running,2310,1,False
2026-06-23 23:30:24,M06,Idle,1146,15,False
2025-10-27 06:50:46,M06,Running,2160,7,False
2026-06-17 21:48:21,M01,Running,2489,13,False
2026-04-02 13:24:01,M05,Running,1708,1,False
2025-10-03 11:29:47,M04,Running,1638,3,False
2026-07-15 18:29:46,M01,Running,1948,6,False
2025-11-15 19:43:38,M08,Running,2226,2,False
2025-08-30 23:52:46,M08,Running,985,3,False
2026-04-16 17:45:01,M03,Running,2083,1,False
2026-02-13 08:57:29,M01,Running,1567,8,False
2026-07-16 04:53:20,M04,Running,2194,11,False
2026-01-01 21:28:34,M04,Running,2311,3,False
2026-03-14 02:13:22,M07,Running,1164,5,False
2026-08-08 13:46:32,M06,Running,1185,5,False
2025-09-19 13:44:03,M03,Maintenance,1331,12,False
2026-05-14 00:15:58,M02,Running,1985,6,False
2026-07-05 05:48:57,M09,Running,2092,11,False
2026-02-27 02:09:09,M01,Idle,1998,7,False
2026-07-07 06:58:16,M10,Running,2238,7,False
2025-09-28 03:36:34,M05,Running,2232,9,False
2025-11-29 10:30:30,M05,Running,2383,4,False
2025-09-12 07:18:05,M08,Running,1036,9,False
2026-06-03 02:17:34,M03,Running,1756,10,False
2025-10-11 23:44:52,M10,Running,2005,15,True
2025-11-24 16:07:40,M02,Running,816,3,False
2026-02-01 05:29:14,M06,Running,1005,3,False
2026-07-28 07:35:38,M05,Running,1919,3,False
2026-02-26 02:19:22,M08,Idle,1734,10,False
2025-10-06 22:55:03,M07,Running,1769,14,False
2026-06-29 11:26:43,M06,Running,1788,11,False
2026-01-27 15:04:06,M01,Maintenance,1279,13,False
2025-09-15 08:21:39,M09,Running,1672,13,False
2026-07-30 08:02:59,M10,Running,858,3,False
2025-11-04 23:04:22,M05,Idle,2228,9,False
2026-06-23 21:45:16,M10,Running,1066,11,False
2026-02-01 22:20:46,M01,Maintenance,1433,13,False
2026-07-20 06:52:32,M06,Running,1138,8,True
2025-12-24 11:53:51,M03,Running,1152,5,False
2026-08-07 02:09:20,M03,Running,1216,7,False
2025-08-21 02:06:46,M04,Running,1937,14,False
2026-01-18 20:38:53,M01,Running,1505,2,False
2025-08-31 09:55:07,M07,Running,1767,11,False
2026-01-11 16:44:50,M08,Running,2362,15,False
2026-02-21 16:34:26,M03,Running,1073,7,False
2026-01-02 23:06:08,M05,Idle,2295,14,False
2025-11-10 07:08:22,M07,Running,1510,8,False
2026-01-07 16:51:27,M10,Running,2046,3,False
2025-09-11 10:08:47,M06,Running,1826,14,True
2026-01-03 07:58:04,M10,Running,958,11,False
2025-11-05 22:22:53,M08,Running,1232,5,False
2025-08-21 16:15:20,M06,Running,1168,7,False
2025-12-12 11:53:12,M05,Running,2481,8,True
2026-08-07 05:27:17,M07,Running,1615,11,False
2025-09-18 05:03:00,M02,Running,969,6,False
2026-07-02 15:13:06,M02,Running,1628,13,False
2026-05-15 07:03:18,M03,Running,1976,9,False
2026-04-20 03:36:04,M08,Running,2139,11,False
2025-12-18 22:39:40,M01,Running,1329,12,False
2026-06-14 01:43:50,M10,Idle,1722,9,False
2025-10-06 10:48:24,M08,Running,1895,6,False
2025-10-03 04:02:59,M03,Maintenance,1888,13,False
2025-08-25 14:32:24,M02,Running,1490,15,False
2025-11-30 03:26:18,M05,Running,2464,10,False
2026-08-02 00:16:50,M08,Running,1751,5,True
2026-06-28 23:28:01,M08,Running,902,15,False
2026-02-10 05:07:39,M06,Running,1491,11,False
2026-05-08 01:23:23,M01,Running,1166,5,False
2026-06-29 12:02:23,M01,Running,1409,11,True
2025-10-03 15:10:12,M02,Running,874,9,False
2026-06-01 10:26:26,M04,Running,1895,2,False
2026-05-11 17:36:08,M03,Running,1682,15,False
2026-02-08 21:57:06,M08,Running,1299,15,False
2026-01-31 22:47:50,M09,Running,883,2,False
2026-04-06 16:59:24,M01,Running,2282,11,False
2025-08-12 18:28:23,M02,Running,2285,2,False
2026-07-28 12:43:56,M05,Running,845,3,False
2025-09-10 11:57:58,M05,Running,2321,15,False
2025-08-18 02:39:27,M07,Maintenance,2425,4,False
2025-11-18 02:54:45,M05,Running,1904,14,False
2025-11-02 11:34:35,M01,Running,1768,4,False
2026-06-30 23:56:55,M07,Running,2210,13,False
2025-10-07 19:09:08,M09,Running,2038,7,False
2026-03-11 20:45:17,M05,Running,1633,4,True
2026-08-10 21:04:10,M07,Running,1362,5,False
2026-05-20 03:50:53,M06,Running,1260,1,False
2026-04-04 04:42:08,M04,Running,1389,12,False
2026-03-03 16:42:56,M08,Running,2100,10,False
2026-01-22 02:32:56,M07,Running,1942,1,False
2025-09-22 21:51:54,M06,Running,1710,3,False
2026-06-08 03:58:54,M08,Running,2228,3,False
2025-11-30 14:49:47,M05,Running,2153,14,False
2025-11-11 00:29:45,M02,Running,1949,6,False
2025-12-05 16:27:40,M09,Running,1397,13,False
2025-09-27 01:14:15,M08,Running,2079,10,False
2025-08-29 06:35:08,M06,Running,1650,13,True
2025-11-11 07:56:45,M05,Running,1805,4,False
2026-01-20 18:35:10,M09,Running,2043,14,False
2026-04-15 20:59:25,M07,Running,1026,10,False
2026-06-15 01:12:16,M03,Running,2304,7,False
2026-04-09 14:32:37,M06,Running,1656,15,False
2026-02-04 06:08:10,M06,Running,2090,2,False
2025-09-04 02:56:01,M06,Running,1890,7,False
2025-09-22 18:47:56,M07,Running,1750,5,False
2026-07-01 16:01:24,M08,Running,1163,7,False
2026-07-28 06:06:32,M09,Idle,2362,8,False
2026-02-20 20:16:28,M02,Running,2137,7,False
2026-03-30 11:32:22,M07,Running,859,10,False
2026-03-06 21:54:43,M10,Running,964,10,False
2025-08-17 02:43:01,M07,Idle,1465,10,False
2026-04-13 03:46:32,M10,Running,2201,2,False
2026-02-26 21:10:42,M01,Running,2417,11,False
2026-03-22 01:21:33,M09,Idle,1130,8,False
2025-11-12 16:33:19,M04,Running,2259,15,False
2026-05-16 18:50:49,M03,Running,863,4,False
2025-10-05 11:45:42,M08,Running,2035,8,False
2025-12-01 20:22:49,M03,Maintenance,1824,11,False
2026-01-24 10:19:30,M10,Idle,1126,4,False
2025-08-11 08:06:33,M02,Running,866,11,False
2026-04-06 11:58:09,M09,Maintenance,1589,2,False
2025-12-25 18:00:44,M05,Idle,1900,2,False
2025-11-12 03:44:59,M10,Running,1893,12,True
2026-03-20 08:29:59,M08,Idle,922,5,False
2026-01-19 12:13:12,M01,Running,2267,15,False
2025-10-22 11:25:14,M08,Running,1054,2,False
2026-04-25 17:55:04,M05,Running,1987,13,False
2026-04-27 05:44:34,M03,Running,2144,6,False
2025-09-12 23:30:30,M04,Running,1230,5,False
2026-03-02 00:45:29,M02,Running,2252,8,False
2025-12-28 18:35:57,M05,Running,2211,8,False
2025-09-06 00:20:44,M08,Running,1963,5,False
2026-03-03 00:45:28,M03,Running,1390,1,False
2026-03-10 00:44:24,M06,Running,2261,5,False
2026-02-23 18:09:55,M03,Running,1424,8,False
2026-06-12 03:25:22,M05,Running,2449,12,False
2026-02-23 20:54:50,M10,Running,1586,5,False
2026-03-13 22:35:57,M01,Idle,1994,5,False
2025-08-18 15:03:29,M01,Running,2276,9,False
2026-01-09 08:49:16,M09,Running,2066,15,False
2026-07-15 21:34:03,M06,Running,2002,14,False
2026-02-09 07:30:18,M09,Running,1793,11,False
2025-08-27 15:17:55,M09,Running,1791,15,False
2026-04-14 14:24:35,M02,Running,1433,4,False
2026-01-07 23:31:25,M05,Running,2292,13,False
2026-01-02 16:57:32,M04,Running,1740,10,False
2025-11-17 05:43:13,M01,Idle,2477,13,False
2026-05-27 23:01:26,M04,Running,1544,11,True
2025-08-17 00:55:01,M02,Maintenance,1839,2,False
2025-12-27 09:53:05,M09,Idle,1901,14,False
2026-06-12 23:04:04,M01,Running,1870,4,False
2025-09-05 23:13:45,M03,Running,2132,14,False
2025-12-22 15:19:14,M08,Running,2047,5,False
2025-11-12 08:59:06,M02,Running,2301,14,False
2026-05-22 09:02:02,M03,Running,924,4,False
2026-04-22 22:11:07,M10,Running,1777,8,False
2026-04-11 17:18:28,M01,Running,2098,2,False
2025-09-19 23:44:45,M02,Running,1774,4,False
2026-06-06 08:26:33,M10,Running,1797,5,False
2026-03-24 17:15:38,M10,Running,1028,12,False
2026-05-23 05:58:04,M04,Running,2100,10,False
2026-05-31 14:17:14,M01,Running,1633,10,False
2025-12-17 20:49:36,M03,Running,1789,9,False
2025-10-01 12:59:46,M05,Running,1889,4,False
2025-08-27 22:46:01,M09,Running,2081,8,False
2025-12-25 13:11:37,M03,Running,1453,15,False
2026-03-10 18:44:44,M08,Running,1166,2,False
2025-12-20 05:01:03,M05,Running,1707,6,False
2026-06-22 15:58:50,M09,Idle,1196,13,False
2026-04-17 08:49:04,M04,Running,1827,5,False
2025-10-17 17:28:39,M09,Running,2202,5,False
2026-06-29 05:15:54,M04,Running,1116,6,False
2026-06-09 07:39:50,M07,Running,1123,10,False
2026-05-03 15:13:57,M06,Maintenance,1770,11,False
2026-02-07 04:07:40,M07,Running,1351,4,False
2026-05-07 19:01:34,M08,Idle,1421,6,False
2026-02-12 13:45:44,M06,Running,2498,12,False
2026-04-13 01:44:00,M05,Running,1605,13,False
2025-10-20 12:28:57,M07,Running,1637,6,False
2026-06-21 21:14:06,M03,Maintenance,2370,5,True
2025-10-02 02:26:44,M04,Running,2267,5,False
2025-09-04 05:40:05,M06,Running,1675,13,False
2026-05-15 19:33:08,M09,Running,1208,13,False
2026-06-08 04:08:50,M09,Running,1361,2,False
2026-02-04 11:24:41,M03,Running,1782,12,False
2025-08-25 02:14:33,M01,Running,1598,12,False
2025-12-02 16:36:41,M08,Running,2042,10,False
2025-10-28 00:29:34,M02,Running,1501,5,False
2025-08-27 17:49:57,M08,Idle,1027,8,False
2026-06-13 23:12:03,M02,Running,2387,12,False
2025-10-27 04:43:19,M03,Idle,2007,5,False
2026-07-20 17:41:36,M09,Running,1302,6,False
2025-08-27 00:07:13,M05,Running,2473,5,False
2025-12-11 07:05:41,M03,Running,939,14,False
2026-08-08 05:10:36,M06,Maintenance,1539,15,False
2025-12-09 03:38:43,M04,Running,1759,4,False
2026-02-26 21:15:06,M06,Running,2241,5,False
2026-01-12 09:14:44,M01,Running,2115,7,False
2026-06-23 09:39:50,M08,Running,1882,1,False
2026-03-09 14:56:29,M09,Running,1958,7,False
2026-02-10 13:56:03,M09,Idle,1469,13,False
2025-11-17 02:35:02,M05,Running,2099,2,False
2025-08-24 22:51:32,M10,Running,1943,13,False
2026-05-30 06:42:31,M03,Running,979,10,False
2026-04-18 23:04:41,M10,Running,1190,13,False
2025-10-23 22:44:30,M07,Idle,1753,8,False
2025-11-29 20:16:31,M03,Running,949,3,False
2025-12-27 08:46:08,M06,Running,2399,12,False
2026-07-11 13:14:31,M07,Idle,1622,10,False
2026-06-09 23:29:58,M10,Idle,838,1,False
2025-08-29 07:05:40,M07,Running,1256,10,False
2026-07-12 23:21:12,M06,Running,2138,11,False
2026-04-22 09:23:16,M10,Idle,2264,14,False
2025-12-17 15:17:27,M04,Running,1222,5,False
2025-11-24 20:05:31,M01,Running,880,13,False
2025-09-28 01:43:11,M06,Maintenance,1470,14,False
2026-06-17 03:56:23,M04,Running,1213,5,False
2025-12-31 15:42:57,M05,Running,1244,13,False
2026-01-27 10:12:38,M03,Idle,1700,2,False
2026-07-22 04:08:37,M07,Running,2323,14,False
2026-01-13 02:00:06,M07,Running,1698,7,False
2026-05-26 09:39:30,M07,Running,1055,2,False
2026-01-28 12:10:15,M09,Idle,2283,9,False
2026-07-24 04:09:15,M04,Running,1801,12,False
2026-01-07 21:19:08,M06,Running,1230,2,False
2025-12-20 09:34:44,M06,Running,1841,2,False
2025-10-22 06:47:28,M01,Running,2445,7,False
2026-02-19 10:28:40,M02,Running,1434,14,False
2026-05-06 12:04:28,M05,Running,2236,2,False
2026-02-19 22:46:57,M07,Idle,832,5,False
2025-12-31 09:27:00,M06,Running,1309,3,False
2026-08-04 16:43:35,M03,Running,1087,12,False
2026-06-16 08:49:05,M01,Running,2443,4,False
2026-02-28 09:31:49,M05,Running,1649,14,False
2025-11-22 07:32:44,M03,Running,1862,3,False
2026-06-17 20:46:12,M03,Running,1024,13,False
2025-09-11 19:31:25,M08,Running,1626,11,False
2026-05-20 02:25:03,M05,Running,858,13,True
2026-01-22 14:09:08,M01,Idle,870,12,False
2025-09-10 09:10:53,M07,Running,1572,13,False
2026-01-24 23:04:41,M09,Running,1005,1,False
2026-04-01 16:48:01,M04,Running,935,2,False
2026-06-26 02:18:17,M08,Maintenance,1899,8,False
2025-10-19 19:30:17,M10,Idle,801,5,False
2026-03-10 13:43:06,M05,Running,2144,9,False
2025-12-02 19:37:48,M10,Running,997,8,False
2025-12-13 11:26:10,M10,Running,1249,9,False
2025-09-19 13:48:37,M03,Running,968,12,False
2025-09-10 19:49:29,M07,Running,2059,2,False
2025-12-16 01:57:49,M05,Running,2150,5,False
2026-04-24 09:44:32,M08,Running,1864,9,False
2025-12-03 13:05:33,M05,Running,1069,6,False
2025-12-07 18:16:37,M03,Running,870,12,False
2026-01-30 21:45:53,M07,Running,2426,4,False
2026-04-01 18:22:09,M01,Running,869,14,False
2026-05-16 10:37:54,M03,Running,823,10,False
2026-01-23 05:13:05,M06,Running,2473,10,False
2025-10-14 10:46:13,M04,Running,1338,9,False
2026-05-05 14:36:09,M05,Running,1853,15,False
2026-01-30 03:03:16,M03,Running,2452,14,False
2025-12-25 06:11:02,M09,Running,997,11,False
2026-01-31 09:04:44,M09,Running,2401,6,False
2025-08-27 04:18:26,M01,Maintenance,1058,2,False
2026-05-19 23:55:47,M08,Idle,1046,9,False
2026-07-14 14:51:46,M03,Idle,1428,8,False
2026-07-30 18:19:25,M02,Maintenance,1833,3,False
2025-12-25 15:37:10,M09,Running,2193,4,False
2026-04-06 12:21:35,M04,Running,1524,9,False
2026-01-26 15:28:04,M03,Running,1886,9,True
2025-11-25 08:34:12,M09,Running,1271,12,False
2026-04-16 01:48:52,M09,Running,1125,2,False
2026-06-14 02:38:11,M10,Running,2338,12,False
2025-09-02 00:08:40,M10,Running,1214,5,True
2025-09-08 20:57:46,M07,Running,1868,7,False
2026-04-28 09:24:57,M08,Running,2277,5,True
2026-04-15 07:34:34,M05,Running,2168,5,False
2026-01-15 11:40:56,M10,Running,936,1,False
2025-12-29 19:50:01,M03,Running,2484,3,False
2026-02-25 23:50:12,M04,Running,1126,11,False
2026-06-17 20:17:03,M10,Running,1517,2,False
2026-05-28 23:05:03,M05,Running,1622,2,False
2026-05-01 14:05:40,M10,Idle,1110,4,False
2025-10-11 20:42:46,M05,Running,822,11,False
2025-08-22 19:46:48,M05,Running,2380,11,False
2025-10-05 04:19:46,M04,Running,1411,14,False
2026-07-06 07:41:59,M10,Running,944,15,False
2026-04-03 16:31:06,M06,Idle,883,7,False
2026-05-01 01:46:29,M05,Running,1755,7,False
2026-06-10 03:53:02,M08,Running,1260,9,False
2026-01-27 21:35:43,M10,Maintenance,1542,4,False
2025-08-24 05:52:42,M08,Idle,1685,7,False
2025-09-28 18:04:39,M02,Idle,1373,14,False
2025-09-05 20:11:20,M05,Idle,2111,9,False
2025-11-10 09:09:53,M05,Maintenance,970,1,False
2026-06-09 01:49:04,M08,Running,1813,4,False
2026-04-18 06:52:56,M05,Running,2399,14,False
2025-12-30 23:57:26,M09,Running,1958,7,False
2025-12-29 09:01:00,M07,Running,1020,10,False
2026-01-06 09:59:24,M02,Running,1040,13,False
2026-03-19 00:37:54,M10,Running,2036,7,False
2025-08-23 07:22:54,M01,Running,2414,8,False
2026-04-02 17:25:16,M10,Idle,876,7,False
2025-10-09 07:40:33,M07,Running,852,4,False
2026-05-01 10:50:44,M01,Running,1473,2,False
2026-02-01 11:06:39,M07,Idle,2293,8,False
2026-01-01 19:10:06,M05,Running,2198,6,False
2026-01-02 04:56:40,M04,Running,2405,1,False
2026-01-30 03:20:33,M05,Running,1128,4,False
2026-06-03 01:59:29,M09,Running,2316,7,False
2025-09-09 14:09:09,M03,Idle,982,6,False
2026-03-21 14:52:02,M09,Running,1266,6,False
2025-10-03 04:56:24,M02,Idle,985,11,False
2026-03-04 08:27:08,M10,Running,1181,13,False
2025-12-31 05:45:00,M05,Idle,1794,6,False
2026-01-12 07:28:29,M08,Idle,2345,3,False
2025-12-10 19:48:47,M06,Running,1188,10,False
2026-04-19 23:52:24,M09,Running,1947,5,False
2025-11-26 23:06:19,M09,Running,2066,12,False
2025-11-15 16:04:40,M02,Running,2024,15,False
2025-09-23 18:56:46,M07,Idle,1098,12,False
2025-08-20 19:03:30,M06,Running,1588,2,False
2026-05-23 10:30:55,M05,Running,968,6,False
2025-10-21 23:37:19,M08,Idle,1303,9,False
2026-02-20 12:57:19,M05,Running,1259,14,False
2026-02-27 19:15:51,M04,Running,1262,8,False
2026-01-08 00:30:44,M04,Running,1407,4,False
2026-07-31 12:21:42,M10,Running,1698,7,False
2026-03-16 20:41:51,M10,Running,1181,14,False
2025-09-25 11:08:26,M07,Running,1592,12,False
2025-11-20 09:27:50,M06,Idle,1339,7,False
2026-06-07 16:43:16,M04,Running,1531,2,False
2025-11-19 19:36:18,M03,Running,2494,12,False
2026-05-11 03:38:11,M09,Running,997,15,False
2026-01-31 01:05:43,M09,Running,1896,6,False
2025-11-02 01:28:11,M10,Running,1513,12,False
2026-04-05 08:38:14,M09,Idle,1258,8,False
2025-11-29 15:17:52,M01,Running,1696,8,False
2026-05-07 05:53:49,M02,Maintenance,1150,1,False
2026-08-01 15:43:52,M09,Running,1511,8,False
2026-02-17 11:50:46,M03,Running,1525,2,False
2025-10-27 11:19:33,M05,Running,2290,1,False
2025-09-27 08:35:32,M08,Running,2365,3,False
2025-10-02 10:36:32,M04,Running,1434,9,False
2026-07-07 22:26:44,M05,Running,1967,13,False
2025-09-08 11:44:37,M07,Running,1905,11,False
2026-02-02 06:52:18,M01,Maintenance,908,12,False
2025-10-16 18:48:09,M10,Running,945,10,False
2026-07-25 17:49:27,M07,Running,2300,4,False
2026-05-14 18:37:04,M10,Running,1167,14,False
2026-01-30 14:15:56,M08,Running,1479,2,False
2025-09-13 19:47:51,M07,Running,2203,7,False
2026-06-21 12:03:33,M07,Running,1083,14,False
2026-05-02 13:34:11,M02,Running,1163,12,False
2026-07-05 02:21:27,M05,Running,1177,5,False
2025-12-12 20:18:09,M04,Running,2125,11,False
2026-04-27 02:14:47,M08,Running,1872,5,True
2025-12-23 15:46:01,M10,Running,1940,1,False
2026-05-13 06:55:31,M02,Running,1883,1,True
2025-09-04 22:48:16,M07,Running,2438,15,False
2026-03-12 07:52:24,M06,Idle,1153,4,False
2026-03-09 06:55:55,M08,Running,1247,6,False
2025-12-01 11:54:04,M03,Running,1975,3,False
2026-07-22 21:20:31,M03,Running,2467,14,False
2025-12-05 05:19:38,M10,Running,1900,15,False
2026-07-07 08:47:53,M02,Idle,1438,15,False
2025-10-10 21:35:02,M06,Running,2008,9,False
2026-05-14 04:04:13,M02,Running,2035,3,False
2026-05-13 07:08:32,M06,Idle,2148,9,False
2026-08-05 20:49:08,M08,Idle,2169,9,False
2026-05-09 16:02:42,M04,Running,1290,14,False
2026-04-15 09:19:25,M07,Running,920,15,False
2025-10-17 08:10:27,M08,Idle,2150,12,False
2026-06-14 23:18:54,M10,Running,1864,2,False
2025-12-29 02:52:47,M06,Idle,1953,10,False
2026-02-24 07:28:33,M09,Running,1918,11,False
2025-11-05 19:36:43,M06,Running,2363,4,False
2025-09-26 20:42:31,M07,Running,1572,2,False
2025-10-27 18:48:05,M08,Running,1949,8,False
2026-06-14 08:06:56,M05,Running,2410,13,False
2025-10-03 15:57:17,M01,Running,885,4,False
2025-11-10 16:04:11,M05,Idle,2331,15,False
2026-06-13 16:20:22,M03,Running,2313,1,False
2026-02-18 14:08:48,M01,Maintenance,1588,4,False
2025-08-20 22:30:48,M09,Running,2490,11,False
2025-12-28 21:19:40,M09,Running,1165,9,False
2026-03-13 21:22:57,M01,Idle,1002,8,False
2026-03-20 23:32:26,M04,Running,949,12,False
2026-01-01 00:01:47,M04,Running,2055,1,True
2026-02-08 06:04:00,M07,Running,2211,2,False
2026-06-18 20:11:55,M01,Idle,2150,14,False
2026-03-12 23:15:02,M06,Maintenance,1598,14,False
2025-09-30 03:05:02,M07,Running,1090,10,False
2026-04-05 09:18:02,M05,Idle,1665,11,False
2026-07-20 03:18:10,M05,Running,2138,12,False
2025-09-13 05:06:54,M07,Running,1651,14,False
2025-09-05 06:20:43,M05,Idle,1188,14,False
2025-12-08 20:19:37,M05,Running,2083,12,False
2026-01-12 08:38:54,M08,Running,2212,4,False
2026-05-16 03:50:02,M02,Running,2420,8,False
2026-05-16 21:52:46,M09,Running,2315,5,False
2026-02-12 15:00:38,M07,Running,1386,5,False
2026-03-02 21:22:02,M05,Running,1044,7,False
2026-01-17 06:24:59,M04,Maintenance,1936,14,False
2026-06-05 10:39:42,M03,Running,873,8,False
2026-01-16 17:43:32,M02,Running,1594,3,False
2026-06-26 11:36:28,M02,Running,2060,6,False
2026-03-21 23:59:23,M03,Running,2375,1,False
2025-09-08 08:56:06,M09,Running,1187,13,False
2025-09-28 09:39:31,M06,Running,829,3,False
2025-12-11 20:26:26,M05,Idle,1517,8,False
2026-04-17 04:33:29,M01,Running,1113,5,False
2025-09-08 12:47:48,M04,Running,1198,6,False
2026-02-01 11:35:41,M08,Running,1702,2,False
2026-02-07 15:24:31,M10,Running,1940,3,False
2026-05-01 20:36:13,M06,Running,2202,2,False
2026-02-27 15:40:24,M09,Running,2275,3,False
2025-12-22 12:38:20,M06,Running,1093,15,False
2025-09-29 13:41:37,M04,Running,807,10,False
2026-07-17 16:42:37,M07,Running,1045,14,False
2026-06-28 16:52:09,M01,Running,951,1,False
2026-06-09 18:06:22,M08,Idle,2120,7,False
2026-03-12 20:02:56,M10,Running,2332,4,False
2026-04-16 04:50:24,M10,Running,2103,8,False
2026-03-27 00:05:28,M03,Running,1537,4,False
2025-10-20 09:32:52,M03,Maintenance,1595,5,False
2026-06-04 21:46:19,M06,Running,1684,13,False
2025-09-29 20:12:10,M01,Running,2255,15,False
2026-01-25 17:49:23,M04,Maintenance,1056,14,False
2026-02-22 00:33:31,M04,Idle,1662,15,False
2026-07-30 09:58:55,M08,Running,1595,8,False
2026-07-13 21:50:51,M06,Running,1072,12,False
2025-09-01 06:00:49,M04,Running,1191,10,False
2026-06-29 14:39:09,M10,Running,1748,9,False
2025-09-27 22:47:38,M07,Running,1428,4,False
2026-02-27 22:35:25,M08,Running,2135,8,False
2025-10-09 03:44:10,M10,Running,1208,4,False
2025-12-06 20:10:29,M03,Running,1859,7,False
2025-10-13 16:14:37,M08,Running,1222,7,False
2025-10-12 15:10:12,M03,Running,2327,11,False
2025-12-14 00:56:41,M03,Running,1977,13,False
2026-08-08 17:55:00,M03,Running,1759,4,False
2026-05-13 04:58:59,M03,Running,1796,6,False
2025-11-06 07:03:50,M10,Running,2086,15,True
2025-12-23 02:41:50,M02,Running,975,1,True
2026-02-28 06:00:23,M01,Running,984,6,False
2026-07-24 06:50:33,M06,Running,1108,4,False
2025-11-29 01:03:02,M02,Running,1446,10,False
2026-07-05 06:12:08,M08,Running,2240,3,False
2025-09-10 08:33:22,M02,Idle,1127,15,False
2025-11-16 01:20:21,M03,Running,1890,15,False
2025-10-25 23:11:42,M03,Running,2087,8,False
2026-04-14 08:41:22,M05,Running,1310,2,False
2026-03-12 15:44:33,M03,Idle,998,13,True
2025-11-25 07:35:51,M07,Running,1776,3,False
2025-09-28 08:12:01,M10,Running,2475,6,False
2026-04-10 11:09:33,M10,Running,1716,15,True
2025-12-06 08:03:30,M08,Idle,1960,6,False
2026-04-06 08:24:54,M02,Idle,941,3,False
2026-03-05 21:54:15,M05,Running,1106,2,False
2025-09-16 00:20:40,M04,Maintenance,1456,5,False
2026-02-21 21:50:59,M02,Running,2437,8,True
2026-04-16 15:57:52,M10,Running,1146,6,False
2025-10-15 05:19:44,M04,Running,1865,15,False
2026-03-28 13:34:59,M08,Running,1141,1,False
2026-03-24 05:32:46,M05,Running,1686,6,True
2025-10-09 14:43:24,M08,Running,1481,9,True
2025-10-16 05:14:02,M10,Running,1974,1,False
2026-04-23 13:21:50,M04,Idle,1578,7,True
2026-04-10 06:05:47,M05,Running,1487,6,False
2026-05-17 14:18:46,M07,Running,1500,3,False
2026-07-27 00:47:10,M05,Running,1801,5,False
2026-04-02 17:49:55,M08,Idle,973,13,False
2025-12-19 20:22:16,M06,Idle,1032,1,False
2026-07-03 22:28:38,M02,Running,1162,6,False
2026-08-04 13:10:40,M10,Idle,2395,2,False
2026-03-17 14:49:46,M01,Running,2308,13,False
2025-08-26 17:29:14,M10,Running,1993,11,False
2026-06-27 05:17:17,M08,Running,1477,13,False
2026-07-12 04:33:10,M10,Running,2242,3,False
2025-08-21 17:59:19,M02,Running,2270,2,True
2025-09-11 06:34:49,M04,Running,2268,2,False
2025-08-28 09:15:47,M09,Running,2474,4,False
2026-04-16 20:18:38,M08,Running,1181,8,False
2026-06-06 03:58:40,M10,Idle,925,8,False
2026-03-22 17:25:34,M01,Running,1204,5,False
2025-11-21 12:18:01,M09,Running,1187,12,False
2026-04-20 14:29:59,M02,Running,1458,13,False
2025-10-31 14:24:18,M03,Running,2013,5,False
2026-06-04 14:06:16,M09,Running,1246,7,False
2026-03-20 22:14:01,M06,Running,1886,1,False
2026-01-19 12:23:55,M05,Running,1130,2,False
2026-04-07 18:43:00,M08,Running,2301,1,False
2026-04-15 21:21:29,M07,Running,2365,15,False
2025-08-22 11:48:49,M01,Maintenance,2181,2,False
2026-02-20 03:34:47,M06,Running,2040,11,False
2026-07-21 23:34:48,M10,Running,1453,8,False
2026-04-11 07:07:15,M08,Running,1414,13,False
2026-03-10 14:40:45,M09,Maintenance,1189,4,False
2025-12-01 05:27:50,M01,Running,1639,8,False
2026-04-17 00:32:17,M06,Idle,1625,8,False
2025-12-06 01:14:59,M08,Running,1090,12,False
2026-02-14 06:54:02,M07,Idle,1085,13,False
2025-11-13 19:57:22,M03,Running,828,7,False
2026-06-19 05:45:56,M03,Running,1176,4,False
2026-06-20 06:34:10,M07,Running,1354,6,False
2026-05-03 18:06:21,M08,Running,1421,14,False
2026-01-15 10:35:07,M09,Running,1189,8,False
2025-12-04 05:48:47,M08,Running,1127,8,False
2026-02-02 20:51:58,M01,Running,1017,2,False
2025-09-08 01:41:11,M08,Running,1089,4,False
2026-05-05 03:52:20,M08,Idle,1652,8,True
2025-09-02 23:57:30,M05,Running,1493,11,False
2025-10-11 02:56:42,M10,Running,1049,10,False
2026-01-28 10:56:55,M05,Running,1564,13,False
2026-01-19 03:24:14,M03,Running,1769,2,True
2026-02-14 19:04:34,M06,Running,1228,6,False
2026-02-07 02:26:35,M06,Running,1775,13,False
2025-10-28 23:09:39,M06,Running,1478,12,False
2025-12-20 20:21:11,M03,Maintenance,2400,11,False
2026-04-03 08:00:43,M04,Running,2048,4,False
2025-10-05 12:37:04,M04,Running,1762,15,True
2025-12-10 03:00:31,M09,Idle,1586,13,False
2026-07-11 07:09:05,M06,Running,1805,8,False
2026-05-16 17:09:21,M05,Running,1597,13,False
2025-12-12 17:46:23,M05,Running,1545,14,False
2026-05-22 20:45:58,M08,Running,2096,1,False
2026-07-11 00:33:18,M10,Running,1099,13,False
2025-12-22 20:36:55,M06,Running,1443,10,False
2026-01-12 13:50:12,M04,Idle,2122,4,False
2025-09-30 12:21:26,M10,Running,1405,12,False
2026-06-02 03:26:24,M04,Running,1832,5,False
2026-01-01 15:12:48,M07,Running,2476,14,True
2026-02-26 17:29:28,M05,Running,1406,1,True
2026-03-16 20:29:50,M07,Running,1752,13,False
2025-09-20 23:14:04,M03,Running,1582,9,False
2025-12-12 15:54:15,M08,Running,1020,15,False
2025-11-12 14:41:19,M05,Running,2042,8,False
2026-02-07 21:22:05,M10,Running,834,2,False
2025-09-27 07:30:56,M06,Running,1555,3,False
2025-11-22 14:32:43,M07,Running,2087,7,False
2026-02-01 08:04:01,M07,Running,2055,14,False
2025-11-15 00:18:00,M05,Running,2349,10,True
2025-10-04 10:36:12,M09,Running,2268,12,False
2025-09-17 07:52:43,M02,Idle,1086,3,False
2025-08-30 09:12:14,M03,Idle,1281,2,False
2025-12-01 10:30:01,M06,Running,1645,6,False
2026-01-06 22:03:52,M08,Running,927,9,False
2026-07-12 08:07:10,M07,Running,1922,14,False
2026-04-06 17:15:43,M04,Running,1036,13,False
2026-01-20 02:49:36,M05,Running,915,11,False
2025-11-15 03:34:31,M01,Running,2228,4,False
2026-07-12 18:46:44,M01,Running,1276,3,False
2026-07-27 03:40:30,M03,Running,1461,7,False
2025-10-11 18:02:14,M07,Running,2367,5,False
2026-06-22 15:41:30,M07,Running,882,4,False
2025-12-15 21:27:05,M04,Running,1806,1,False
2026-08-08 08:43:25,M02,Running,1553,9,False
2026-03-23 01:57:43,M03,Running,1111,9,True
2026-05-17 18:55:57,M10,Running,1939,6,False
2025-12-10 04:14:34,M03,Idle,2344,10,False
2025-10-23 10:54:38,M04,Running,1333,7,False
2026-06-03 02:20:07,M05,Running,1712,10,False
2025-10-11 14:42:27,M09,Running,1219,3,False
2026-02-20 05:42:00,M07,Idle,2321,15,False
2026-02-26 15:06:42,M04,Running,2306,12,False
2026-02-08 00:33:39,M04,Idle,2474,5,False
2026-02-20 10:18:21,M01,Running,1270,10,False
2026-07-18 03:06:27,M05,Running,848,5,True
2025-12-08 13:20:03,M03,Idle,1222,8,False
2026-02-19 21:21:20,M07,Running,1737,7,False
2025-08-19 17:32:50,M03,Idle,1783,9,False
2025-09-14 16:50:49,M04,Running,1019,15,True
2026-01-10 10:48:41,M01,Running,822,5,False
2026-02-23 00:36:44,M05,Running,2292,10,False
2026-02-04 07:13:37,M02,Running,1240,11,False
2025-11-12 05:16:55,M07,Running,1563,2,False
2025-11-02 06:49:11,M01,Running,871,15,False
2026-03-25 06:41:23,M03,Running,2439,15,False
2025-12-25 18:44:57,M01,Idle,1775,3,True
2025-08-29 15:03:19,M02,Running,1732,14,False
2025-08-30 08:35:57,M09,Running,846,12,False
2025-11-27 23:57:35,M02,Running,1113,4,False
2026-02-18 22:16:36,M07,Running,1818,7,False
2026-03-30 18:48:25,M07,Running,827,10,False
2026-07-19 09:31:42,M02,Maintenance,1375,12,False
2026-07-04 01:27:24,M08,Running,1347,1,False
2026-04-21 19:40:26,M04,Running,1717,13,True
2026-04-28 21:52:29,M01,Idle,1691,9,False
2026-02-09 11:42:57,M08,Running,2265,14,False
2025-11-29 16:53:47,M05,Running,2024,6,False
2026-03-07 03:50:56,M08,Running,1564,11,False
2025-08-13 21:44:51,M09,Running,1456,12,False
2026-07-05 17:44:50,M07,Running,1622,6,False
2025-09-21 11:28:26,M06,Running,1102,14,False
2026-01-25 02:03:59,M08,Running,1635,6,False
2025-10-01 17:53:33,M02,Running,1081,6,False
2026-07-19 10:36:43,M08,Running,1904,14,False
2025-11-21 10:35:40,M01,Running,2080,3,False
2026-05-20 06:23:42,M09,Running,2325,3,False
2025-12-30 18:49:23,M10,Running,2471,13,False
2026-06-03 09:11:22,M07,Running,1658,15,False
2026-01-14 08:07:44,M09,Running,1864,2,False
2025-12-30 20:18:43,M05,Idle,2161,3,False
2025-08-28 07:13:05,M06,Running,1466,12,False
2026-01-13 07:13:11,M06,Running,1608,9,False
2025-08-30 14:21:10,M07,Running,1519,12,False
2026-03-20 04:56:19,M02,Running,2118,8,False
2026-03-16 22:02:28,M04,Running,2425,9,False
2025-10-25 07:50:51,M08,Running,947,12,False
2025-12-29 12:29:42,M04,Running,1420,14,False
2026-03-13 13:56:24,M02,Maintenance,1191,1,True
2025-11-30 19:29:29,M05,Running,1180,14,False
2025-09-08 06:53:39,M02,Running,1726,2,False
2026-01-07 18:33:38,M06,Running,821,12,False
2026-02-22 13:31:50,M06,Running,1226,5,False
2026-02-01 15:08:08,M10,Idle,2100,10,False
2026-06-03 14:17:28,M08,Maintenance,1823,6,False
2026-03-12 06:34:05,M05,Running,2433,7,False
2025-11-27 08:42:51,M02,Running,2002,10,False
2026-06-27 05:59:15,M08,Maintenance,1578,1,False
2026-04-09 18:33:40,M02,Running,1913,2,False
2026-05-01 23:18:12,M02,Running,2334,6,False
2026-04-05 00:51:48,M08,Running,1434,9,False
2025-09-25 20:55:39,M08,Running,1640,2,True
2025-09-29 16:45:29,M03,Running,2182,13,True
2025-09-17 06:39:55,M09,Running,1828,3,False
2026-01-10 16:58:38,M10,Running,1897,11,False
2026-01-02 15:59:21,M05,Running,2229,9,False
2026-06-15 10:30:27,M08,Running,1133,1,False
2025-12-20 10:01:57,M06,Running,2206,3,False
2026-03-15 08:53:53,M02,Running,1795,4,True
2026-08-10 09:09:48,M03,Running,889,5,False
2025-12-30 17:13:37,M06,Idle,1995,14,False
2026-05-30 22:18:50,M08,Idle,1037,2,False
2025-10-05 18:11:52,M03,Running,2039,10,True
2025-10-27 00:52:57,M08,Running,2231,7,True
2026-04-01 16:53:25,M09,Idle,1554,11,False
2026-02-24 10:53:39,M07,Running,1371,7,False
2026-01-13 14:43:38,M07,Running,978,5,False
2026-02-20 22:35:33,M06,Running,1838,15,False
2025-08-26 08:43:53,M03,Running,1131,2,False
2025-08-28 07:47:11,M04,Running,1918,6,False
2025-08-25 20:13:59,M08,Running,2417,11,False
2025-10-02 22:48:00,M07,Running,881,4,False
2026-05-14 20:41:12,M05,Running,2236,7,True
2025-12-18 01:41:34,M01,Running,824,2,False
2026-06-18 23:02:00,M05,Running,818,5,False
2026-02-10 17:08:38,M03,Running,1299,14,False
2026-02-28 10:03:37,M04,Running,1772,8,False
2026-02-04 04:58:14,M02,Running,1932,11,False
2025-10-07 13:45:22,M02,Running,1060,14,False
2026-04-03 04:17:10,M02,Running,948,10,False
2026-07-23 14:07:09,M07,Idle,1540,4,False
2026-02-26 22:23:25,M07,Running,1684,1,False
2025-10-04 00:22:54,M07,Running,2175,12,False
2025-12-16 02:23:30,M07,Running,1260,12,False
2026-08-07 10:30:51,M08,Running,2418,9,False
2026-04-05 19:44:15,M03,Running,1867,5,False
2025-12-12 10:26:37,M02,Running,863,7,False
2025-10-12 20:09:26,M02,Running,2391,3,False
2026-01-10 08:07:50,M01,Running,1605,5,False
2026-04-07 03:43:46,M06,Running,1896,10,False
2026-05-24 20:29:04,M05,Idle,1762,9,False
2026-07-03 23:08:52,M10,Running,2197,10,False
2025-12-04 22:35:41,M10,Running,1490,2,False
2026-03-29 07:26:36,M06,Running,2062,11,False
2025-12-19 08:45:23,M05,Idle,1391,10,False
2026-02-23 18:02:49,M06,Idle,1463,15,False
2026-06-28 09:44:42,M04,Running,1427,4,False
2026-02-24 16:24:30,M09,Running,1370,5,False
2026-03-05 11:17:43,M04,Running,2411,3,False
2026-02-16 23:13:49,M05,Running,2204,6,False
2026-05-12 23:27:44,M09,Running,2434,8,False
2026-03-17 08:21:46,M03,Running,2280,15,False
2025-12-05 03:46:45,M04,Running,2417,11,False
2026-02-11 03:50:54,M03,Idle,2458,8,False
2026-06-23 12:51:31,M07,Running,1354,15,False
2025-08-17 04:35:46,M09,Running,1321,10,False
2025-12-31 18:52:20,M02,Maintenance,2465,9,False
2025-12-17 08:54:19,M01,Running,2462,15,False
2026-04-29 09:51:33,M08,Running,1927,10,False
2025-09-22 07:07:02,M09,Running,1207,5,False
2026-01-19 11:57:55,M07,Running,1802,10,False
2026-03-25 10:01:36,M07,Running,1044,3,False
2025-12-08 05:17:37,M06,Running,911,1,False
2026-06-16 03:49:18,M05,Running,1896,5,False
2026-07-25 18:38:42,M02,Idle,2206,7,False
2026-05-19 10:02:24,M10,Running,1028,6,False
2026-07-15 10:04:53,M05,Running,1292,4,False
2026-05-04 22:33:36,M10,Running,1346,15,False
2026-04-12 02:39:41,M04,Running,1933,10,False
2025-08-21 01:53:53,M04,Running,2489,7,False
2026-03-30 13:07:46,M10,Running,1128,2,False
2026-02-11 01:01:48,M10,Maintenance,1352,13,False
2025-11-21 20:27:05,M02,Running,1632,4,False
2026-04-22 08:04:45,M10,Running,1155,15,False
2026-06-10 18:43:21,M02,Running,2174,5,False
2026-06-08 03:52:58,M10,Idle,1713,4,False
2026-03-23 09:18:00,M02,Running,1709,8,False
2026-03-23 01:28:17,M07,Idle,2337,7,True
2025-11-07 02:23:06,M05,Running,2178,8,False
2026-05-17 21:27:54,M09,Running,842,8,False
2025-08-30 16:11:36,M07,Idle,2042,4,False
2026-03-25 08:21:35,M02,Running,2231,11,False
2026-02-13 07:38:09,M07,Running,1443,6,False
2025-10-15 22:48:58,M04,Running,1272,7,False
2026-03-02 07:43:41,M08,Maintenance,2205,15,False
2026-04-12 00:28:07,M02,Running,2438,1,False
2026-05-17 19:26:23,M06,Running,841,8,False
2026-04-08 09:53:05,M08,Idle,983,7,False
2026-06-07 13:22:51,M04,Running,1332,8,False
2026-07-03 09:46:28,M04,Idle,2120,9,False
2026-01-05 09:09:33,M04,Idle,1581,6,True
2025-10-07 02:53:52,M04,Running,1125,2,False
2026-06-25 19:58:00,M09,Running,962,9,False
2026-05-02 02:21:47,M08,Running,1090,14,False
2025-11-12 18:57:51,M03,Running,1438,3,False
2025-08-22 23:47:13,M04,Idle,2071,1,False
2026-03-21 02:16:13,M03,Running,1763,7,False
2026-05-09 18:51:24,M04,Running,1200,10,False
2025-09-22 09:49:44,M02,Running,1351,14,False
2025-10-23 19:46:02,M09,Running,1747,9,False
2025-08-18 02:02:15,M03,Running,1182,4,False
2026-01-29 00:18:21,M06,Idle,2369,5,False
2025-12-10 13:21:16,M01,Running,916,7,False
2026-01-20 08:50:38,M01,Running,1070,4,False
2025-10-08 12:58:12,M06,Running,1371,8,False
2026-01-18 02:35:44,M03,Running,2261,4,False
2026-05-05 21:27:27,M10,Running,937,7,False
2025-10-28 21:56:12,M05,Running,2436,8,False
2026-01-17 02:31:23,M07,Running,2287,7,False
2026-02-21 14:49:31,M08,Maintenance,1864,6,False
2026-06-07 16:47:38,M10,Running,2334,7,False
2026-04-05 04:55:01,M09,Idle,1141,9,False
2026-08-03 05:24:20,M03,Idle,1223,2,False
2026-02-09 21:12:36,M06,Idle,1036,10,False
2026-07-15 16:46:45,M07,Running,1565,1,False
2026-07-06 04:58:31,M04,Running,1241,7,False
2026-05-23 12:01:44,M03,Running,2009,13,False
2026-05-20 05:24:27,M03,Running,1418,7,False
